fixed acidity;volatile acidity;citric acid;residual sugar;chlorides;free sulfur dioxide;total sulfur dioxide;density;pH;sulphates;alcohol;quality;Id
7.3;0.74;0.08;1.7;0.094;10.0;45.0;0.99576;3.24;0.5;9.8;5;1366
8.1;0.575;0.22;2.1;0.077;12.0;65.0;0.9967;3.29;0.51;9.2;5;103
10.1;0.43;0.4;2.6;0.092;13.0;52.0;0.99834;3.22;0.64;10.0;7;942
12.9;0.5;0.55;2.8;0.072;7.0;24.0;100.012;3.09;0.68;10.9;6;811
8.4;0.36;0.32;2.2;0.081;32.0;79.0;0.9964;3.3;0.72;11.0;6;918
9.6;0.6;0.5;2.3;0.079;28.0;71.0;0.9997;3.5;0.57;9.7;5;616
8.5;0.32;0.42;2.3;0.075;12.0;19.0;0.99434;3.14;0.71;11.8;7;1162
6.9;0.49;0.19;1.7;0.079;13.0;26.0;0.99547;3.38;0.64;9.8;6;1041
6.0;0.51;0.0;2.1;0.064;40.0;54.0;0.995;3.54;0.93;10.7;6;1407
8.1;0.825;0.24;2.1;0.084;5.0;13.0;0.9972;3.37;0.77;10.7;6;537
8.5;0.18;0.51;1.75;0.071;45.0;88.0;0.99524;3.33;0.76;11.8;7;1156
7.9;0.72;0.01;1.9;0.076;7.0;32.0;0.99668;3.39;0.54;9.6;5;769
9.3;0.5;0.36;1.8;0.084;6.0;17.0;0.99704;3.27;0.77;10.8;6;1049
7.6;0.4;0.29;1.9;0.078;29.0;66.0;0.9971;3.45;0.59;9.5;6;932
6.6;0.63;0.0;4.3;0.093;51.0;77.5;0.99558;3.2;0.45;9.5;5;1296
13.0;0.32;0.65;2.6;0.093;15.0;47.0;0.9996;3.05;0.61;10.6;5;470
7.7;0.26;0.26;2.0;0.052;19.0;77.0;0.9951;3.15;0.79;10.9;6;1198
7.7;0.49;0.26;1.9;0.062;9.0;31.0;0.9966;3.39;0.64;9.6;5;87
9.1;0.765;0.04;1.6;0.078;4.0;14.0;0.998;3.29;0.54;9.7;4;704
7.9;1.04;0.05;2.2;0.084;13.0;29.0;0.9959;3.22;0.55;9.9;6;134
7.9;0.3;0.68;8.3;0.05;37.5;278.0;0.99316;3.01;0.51;12.3;7;1079
11.1;0.45;0.73;3.2;0.066;6.0;22.0;0.9986;3.17;0.66;11.2;6;437
9.7;0.42;0.46;2.1;0.074;5.0;16.0;0.99649;3.27;0.74;12.3;6;1172
11.4;0.6;0.49;2.7;0.085;10.0;41.0;0.9994;3.15;0.63;10.5;6;403
11.5;0.315;0.54;2.1;0.084;5.0;15.0;0.9987;2.98;0.7;9.2;6;464
9.8;0.3;0.39;1.7;0.062;3.0;9.0;0.9948;3.14;0.57;11.5;7;1279
6.7;0.42;0.27;8.6;0.068;24.0;148.0;0.9948;3.16;0.57;11.3;6;649
7.7;0.41;0.76;1.8;0.611;8.0;45.0;0.9968;3.06;1.26;9.4;5;258
10.8;0.89;0.3;2.6;0.132;7.0;60.0;0.99786;2.99;1.18;10.2;5;795
7.1;0.36;0.3;1.6;0.08;35.0;70.0;0.99693;3.44;0.5;9.4;5;987
6.8;0.6;0.18;1.9;0.079;18.0;86.0;0.9968;3.59;0.57;9.3;6;159
9.7;0.69;0.32;2.5;0.088;22.0;91.0;0.9979;3.29;0.62;10.1;5;1306
6.4;0.795;0.0;2.2;0.065;28.0;52.0;0.99378;3.49;0.52;11.6;5;1027
7.0;0.57;0.0;2.0;0.19;12.0;45.0;0.99676;3.31;0.6;9.4;6;780
8.2;0.59;0.0;2.5;0.093;19.0;58.0;10.002;3.5;0.65;9.3;6;737
8.2;0.28;0.6;3.0;0.104;10.0;22.0;0.99828;3.39;0.68;10.6;5;1481
8.8;0.24;0.54;2.5;0.083;25.0;57.0;0.9983;3.39;0.54;9.2;5;610
10.4;0.575;0.61;2.6;0.076;11.0;24.0;1.0;3.16;0.69;9.0;5;367
6.5;0.885;0.0;2.3;0.166;6.0;12.0;0.99551;3.56;0.51;10.8;5;1191
7.2;0.53;0.14;2.1;0.064;15.0;29.0;0.99323;3.35;0.61;12.1;6;1297
6.7;0.28;0.28;2.4;0.012;36.0;100.0;0.99064;3.26;0.39;11.7;7;836
7.6;0.79;0.21;2.3;0.087;21.0;68.0;0.9955;3.12;0.44;9.2;5;1304
6.4;0.37;0.25;1.9;0.074;21.0;49.0;0.9974;3.57;0.62;9.8;6;191
7.2;0.63;0.03;2.2;0.08;17.0;88.0;0.99745;3.53;0.58;9.8;6;894
5.9;0.395;0.13;2.4;0.0559999999999999;14.0;28.0;0.99362;3.62;0.67;12.4;6;1292
6.0;0.5;0.0;1.4;0.057;15.0;26.0;0.99448;3.36;0.45;9.5;5;1337
9.9;0.63;0.24;2.4;0.077;6.0;33.0;0.9974;3.09;0.57;9.4;5;536
7.2;0.25;0.37;2.5;0.063;11.0;41.0;0.99439;3.52;0.8;12.4;7;1192
7.1;0.56;0.14;1.6;0.078;7.0;18.0;0.99592;3.27;0.62;9.3;5;961
8.8;0.61;0.3;2.8;0.088;17.0;46.0;0.9976;3.26;0.51;9.3;4;41
10.7;0.35;0.53;2.6;0.07;5.0;16.0;0.9972;3.15;0.65;11.0;8;498
8.2;1.0;0.09;2.3;0.065;7.0;37.0;0.99685;3.32;0.55;9.0;6;234
13.5;0.53;0.79;4.8;0.12;23.0;77.0;10.018;3.18;0.77;13.0;5;353
8.0;0.67;0.3;2.0;0.06;38.0;62.0;0.9958;3.26;0.56;10.2;6;436
12.5;0.37;0.55;2.6;0.083;25.0;68.0;0.9995;3.15;0.82;10.4;6;472
9.9;0.49;0.58;3.5;0.094;9.0;43.0;10.004;3.29;0.58;9.0;5;593
7.0;0.745;0.12;1.8;0.114;15.0;64.0;0.99588;3.22;0.59;9.5;6;1194
9.8;0.98;0.32;2.3;0.078;35.0;152.0;0.998;3.25;0.48;9.4;5;684
9.0;0.45;0.49;2.6;0.084;21.0;75.0;0.9987;3.35;0.57;9.7;5;590
7.6;1.58;0.0;2.1;0.1369999999999999;5.0;9.0;0.99476;3.5;0.4;10.9;3;1299
7.0;0.22;0.3;1.8;0.065;16.0;20.0;0.99672;3.61;0.82;10.0;6;1143
7.2;0.62;0.06;2.5;0.078;17.0;84.0;0.99746;3.51;0.53;9.7;5;863
7.6;0.685;0.23;2.3;0.111;20.0;84.0;0.9964;3.21;0.61;9.3;5;629
8.9;0.38;0.4;2.2;0.068;12.0;28.0;0.99486;3.27;0.75;12.6;7;1016
7.5;0.42;0.32;2.7;0.067;7.0;25.0;0.99628;3.24;0.44;10.4;5;862
7.7;0.49;0.26;1.9;0.062;9.0;31.0;0.9966;3.39;0.64;9.6;5;93
11.5;0.35;0.49;3.3;0.07;10.0;37.0;10.003;3.32;0.91;11.0;6;570
6.9;0.635;0.17;2.4;0.241;6.0;18.0;0.9961;3.4;0.59;10.3;6;777
6.6;0.58;0.02;2.0;0.062;37.0;53.0;0.99374;3.35;0.76;11.6;7;1452
7.7;0.835;0.0;2.6;0.081;6.0;14.0;0.9975;3.3;0.52;9.3;5;602
12.6;0.38;0.66;2.6;0.088;10.0;41.0;1.001;3.17;0.68;9.8;6;359
7.7;0.57;0.21;1.5;0.069;4.0;9.0;0.99458;3.16;0.54;9.8;6;1200
5.3;0.57;0.01;1.7;0.054;5.0;27.0;0.9934;3.57;0.84;12.5;7;444
7.3;0.52;0.32;2.1;0.07;51.0;70.0;0.99418;3.34;0.82;12.9;6;982
10.3;0.41;0.42;2.4;0.213;6.0;14.0;0.9994;3.19;0.62;9.5;6;307
8.4;0.56;0.08;2.1;0.105;16.0;44.0;0.9958;3.13;0.52;11.0;5;333
6.6;0.52;0.08;2.4;0.07;13.0;26.0;0.99358;3.4;0.72;12.5;7;1066
9.1;0.5;0.3;1.9;0.065;8.0;17.0;0.99774;3.32;0.71;10.5;6;980
10.4;0.41;0.55;3.2;0.076;22.0;54.0;0.9996;3.15;0.89;9.9;6;434
7.6;0.36;0.31;1.7;0.079;26.0;65.0;0.99716;3.46;0.62;9.5;6;1174
8.2;0.33;0.39;2.5;0.074;29.0;48.0;0.99528;3.32;0.88;12.4;7;1167
7.4;0.47;0.46;2.2;0.114;7.0;20.0;0.99647;3.32;0.63;10.5;5;1518
6.1;0.21;0.4;1.4;0.066;40.5;165.0;0.9912;3.25;0.59;11.9;6;354
8.2;0.885;0.2;1.4;0.086;7.0;31.0;0.9946;3.11;0.46;10.0;5;1376
9.0;0.69;0.0;2.4;0.088;19.0;38.0;0.999;3.35;0.6;9.3;5;739
8.1;0.545;0.18;1.9;0.08;13.0;35.0;0.9972;3.3;0.59;9.0;6;102
7.2;0.415;0.36;2.0;0.081;13.0;45.0;0.9972;3.48;0.64;9.2;5;137
9.9;0.54;0.45;2.3;0.071;16.0;40.0;0.9991;3.39;0.62;9.4;5;644
7.7;0.935;0.43;2.2;0.114;22.0;114.0;0.997;3.25;0.73;9.2;5;46
7.4;0.74;0.07;1.7;0.086;15.0;48.0;0.99502;3.12;0.48;10.0;5;1246
7.2;0.38;0.31;2.0;0.0559999999999999;15.0;29.0;0.99472;3.23;0.76;11.3;8;1449
12.8;0.615;0.66;5.8;0.083;7.0;42.0;10.022;3.07;0.73;10.0;7;364
12.0;0.45;0.55;2.0;0.073;25.0;49.0;0.9997;3.1;0.76;10.3;6;286
7.3;0.35;0.24;2.0;0.067;28.0;48.0;0.99576;3.43;0.54;10.0;4;872
6.2;0.6;0.08;2.0;0.09;32.0;44.0;0.9949;3.45;0.58;10.5;5;1594
10.8;0.4;0.41;2.2;0.084;7.0;17.0;0.9984;3.08;0.67;9.3;6;676
10.5;0.51;0.64;2.4;0.107;6.0;15.0;0.9973;3.09;0.66;11.8;7;514
7.8;0.56;0.19;1.8;0.104;12.0;47.0;0.9964;3.19;0.93;9.5;5;110
8.8;0.55;0.04;2.2;0.119;14.0;56.0;0.9962;3.21;0.6;10.9;6;121
7.7;0.58;0.01;1.8;0.088;12.0;18.0;0.99568;3.32;0.56;10.5;7;1024
8.3;0.54;0.28;1.9;0.077;11.0;40.0;0.9978;3.39;0.61;10.0;6;116
6.5;0.53;0.06;2.0;0.063;29.0;44.0;0.99489;3.38;0.83;10.3;6;1517
6.1;0.6;0.08;1.8;0.071;14.0;45.0;0.99336;3.38;0.54;11.0;5;1473
11.3;0.36;0.66;2.4;0.123;3.0;8.0;0.99642;3.2;0.53;11.9;6;1021
6.8;0.48;0.25;2.0;0.076;29.0;61.0;0.9953;3.34;0.6;10.4;5;1523
6.9;0.63;0.01;2.4;0.076;14.0;39.0;0.99522;3.34;0.53;10.8;6;1463
8.6;0.47;0.47;2.4;0.074;7.0;29.0;0.9979;3.08;0.46;9.5;5;654
7.3;0.49;0.1;2.6;0.068;4.0;14.0;0.99562;3.3;0.47;10.5;5;810
7.8;0.52;0.25;1.9;0.081;14.0;38.0;0.9984;3.43;0.65;9.0;6;496
8.3;0.58;0.13;2.9;0.096;14.0;63.0;0.9984;3.17;0.62;9.1;6;604
7.4;0.66;0.0;1.8;0.075;13.0;40.0;0.9978;3.51;0.56;9.4;5;5
12.6;0.31;0.72;2.2;0.072;6.0;29.0;0.9987;2.88;0.82;9.8;8;440
6.7;0.46;0.24;1.7;0.077;18.0;34.0;0.9948;3.39;0.6;10.6;6;1327
7.7;0.56;0.08;2.5;0.114;14.0;46.0;0.9971;3.24;0.66;9.6;6;803
7.5;0.6;0.03;1.8;0.095;25.0;99.0;0.995;3.35;0.54;10.1;5;152
6.3;0.39;0.08;1.7;0.066;3.0;20.0;0.9954;3.34;0.58;9.4;5;143
9.9;0.5;0.24;2.3;0.103;6.0;14.0;0.9978;3.34;0.52;10.0;4;576
8.2;0.2;0.43;2.5;0.076;31.0;51.0;0.99672;3.53;0.81;10.4;6;1145
9.3;0.48;0.29;2.1;0.127;6.0;16.0;0.9968;3.22;0.72;11.2;5;447
8.1;0.87;0.0;2.2;0.084;10.0;31.0;0.99656;3.25;0.5;9.8;5;757
8.2;0.74;0.09;2.0;0.067;5.0;10.0;0.99418;3.28;0.57;11.8;6;1064
7.0;0.62;0.08;1.8;0.076;8.0;24.0;0.9978;3.48;0.53;9.0;5;89
7.7;0.69;0.05;2.7;0.075;15.0;27.0;0.9974;3.26;0.61;9.1;5;404
7.2;0.38;0.3;1.8;0.073;31.0;70.0;0.99685;3.42;0.59;9.5;6;1082
9.4;0.27;0.53;2.4;0.074;6.0;18.0;0.9962;3.2;1.13;12.0;7;377
7.1;0.48;0.28;2.8;0.068;6.0;16.0;0.99682;3.24;0.53;10.3;5;824
8.9;0.43;0.45;1.9;0.052;6.0;16.0;0.9948;3.35;0.7;12.5;6;336
12.0;0.5;0.59;1.4;0.073;23.0;42.0;0.998;2.92;0.68;10.5;7;657
12.8;0.3;0.74;2.6;0.095;9.0;28.0;0.9994;3.2;0.77;10.8;7;205
6.2;0.65;0.06;1.6;0.05;6.0;18.0;0.99348;3.57;0.54;11.95;5;1492
9.0;0.36;0.52;2.1;0.111;5.0;10.0;0.99568;3.31;0.62;11.3;6;956
8.5;0.4;0.4;6.3;0.05;3.0;10.0;0.99566;3.28;0.56;12.0;4;1276
7.3;0.55;0.03;1.6;0.072;17.0;42.0;0.9956;3.37;0.48;9.0;4;167
8.0;0.18;0.37;0.9;0.049;36.0;109.0;0.99007;2.89;0.44;12.7;6;1018
8.1;0.87;0.0;2.2;0.084;10.0;31.0;0.99656;3.25;0.5;9.8;5;758
6.7;0.75;0.01;2.4;0.078;17.0;32.0;0.9955;3.55;0.61;12.8;6;355
8.4;0.37;0.43;2.3;0.063;12.0;19.0;0.9955;3.17;0.81;11.2;7;1544
9.0;0.43;0.34;2.5;0.08;26.0;86.0;0.9987;3.38;0.62;9.5;6;410
7.9;0.58;0.23;2.3;0.076;23.0;94.0;0.99686;3.21;0.58;9.5;6;1199
6.7;0.58;0.08;1.8;0.0969999999999999;15.0;65.0;0.9959;3.28;0.54;9.2;5;10
7.8;0.91;0.07;1.9;0.0579999999999999;22.0;47.0;0.99525;3.51;0.43;10.7;6;755
6.8;0.48;0.08;1.8;0.074;40.0;64.0;0.99529;3.12;0.49;9.6;5;1085
11.5;0.18;0.51;4.0;0.104;4.0;23.0;0.9996;3.28;0.97;10.1;6;277
6.6;0.725;0.09;5.5;0.1169999999999999;9.0;17.0;0.99655;3.35;0.49;10.8;6;1094
9.3;0.4;0.49;2.5;0.085;38.0;142.0;0.9978;3.22;0.55;9.4;5;523
9.4;0.4;0.31;2.2;0.09;13.0;62.0;0.9966;3.07;0.63;10.5;6;115
9.1;0.47;0.49;2.6;0.094;38.0;106.0;0.9982;3.08;0.59;9.1;5;545
7.8;0.53;0.01;1.6;0.077;3.0;19.0;0.995;3.16;0.46;9.8;5;1418
7.2;0.36;0.46;2.1;0.074;24.0;44.0;0.99534;3.4;0.85;11.0;7;1208
7.5;0.38;0.57;2.3;0.106;5.0;12.0;0.99605;3.36;0.55;11.4;6;1504
7.1;0.46;0.14;2.8;0.076;15.0;37.0;0.99624;3.36;0.49;10.7;5;827
7.2;0.62;0.06;2.7;0.077;15.0;85.0;0.99746;3.51;0.54;9.5;5;860
7.8;0.43;0.32;2.8;0.08;29.0;58.0;0.9974;3.31;0.64;10.3;5;337
10.1;0.935;0.22;3.4;0.105;11.0;86.0;1.001;3.43;0.64;11.3;4;633
13.3;0.34;0.52;3.2;0.094;17.0;53.0;10.014;3.05;0.81;9.5;6;294
7.2;0.53;0.13;2.0;0.0579999999999999;18.0;22.0;0.99573;3.21;0.68;9.9;6;1532
8.7;0.63;0.28;2.7;0.096;17.0;69.0;0.99734;3.26;0.63;10.2;6;1283
7.0;0.43;0.36;1.6;0.089;14.0;37.0;0.99615;3.34;0.56;9.2;6;204
7.5;0.57;0.02;2.6;0.077;11.0;35.0;0.99557;3.36;0.62;10.8;6;1380
8.4;0.62;0.12;1.8;0.072;38.0;46.0;0.99504;3.38;0.89;11.8;6;919
9.8;0.66;0.39;3.2;0.083;21.0;59.0;0.9989;3.37;0.71;11.5;7;318
7.1;0.875;0.05;5.7;0.0819999999999999;3.0;14.0;0.99808;3.4;0.52;10.2;3;1478
8.6;0.47;0.27;2.3;0.055;14.0;28.0;0.99516;3.18;0.8;11.2;5;928
7.0;0.45;0.34;2.7;0.0819999999999999;16.0;72.0;0.998;3.55;0.6;9.5;5;733
9.9;0.57;0.25;2.0;0.104;12.0;89.0;0.9963;3.04;0.9;10.1;5;1413
11.1;0.35;0.48;3.1;0.09;5.0;21.0;0.9986;3.17;0.53;10.5;5;252
7.0;0.57;0.02;2.0;0.072;17.0;26.0;0.99575;3.36;0.61;10.2;5;1546
8.6;0.63;0.17;2.9;0.099;21.0;119.0;0.998;3.09;0.52;9.3;5;789
7.9;0.5;0.33;2.0;0.084;15.0;143.0;0.9968;3.2;0.55;9.5;5;188
6.7;0.76;0.02;1.8;0.078;6.0;12.0;0.996;3.55;0.63;9.95;3;1505
8.6;0.49;0.51;2.0;0.422;16.0;62.0;0.9979;3.03;1.17;9.0;5;692
9.2;0.67;0.1;3.0;0.091;12.0;48.0;0.99888;3.31;0.54;9.5;6;765
5.4;0.74;0.09;1.7;0.089;16.0;26.0;0.99402;3.67;0.56;11.6;6;1591
7.3;0.65;0.0;1.2;0.065;15.0;21.0;0.9946;3.39;0.47;10.0;7;7
8.2;0.73;0.21;1.7;0.074;5.0;13.0;0.9968;3.2;0.52;9.5;5;673
7.5;0.49;0.19;1.9;0.076;10.0;44.0;0.9957;3.39;0.54;9.7;5;218
7.2;0.57;0.05;2.3;0.081;16.0;36.0;0.99564;3.38;0.6;10.3;6;1266
9.0;0.785;0.24;1.7;0.078;10.0;21.0;0.99692;3.29;0.67;10.0;5;1164
10.5;0.24;0.42;1.8;0.077;6.0;22.0;0.9976;3.21;1.05;10.8;7;504
6.4;0.31;0.09;1.4;0.066;15.0;28.0;0.99459;3.42;0.7;10.0;7;1494
9.0;0.4;0.43;2.4;0.068;29.0;46.0;0.9943;3.2;0.6;12.2;6;968
7.9;0.53;0.24;2.0;0.072;15.0;105.0;0.996;3.27;0.54;9.4;6;311
8.8;0.46;0.45;2.6;0.065;7.0;18.0;0.9947;3.32;0.79;14.0;6;467
10.1;0.45;0.23;1.9;0.0819999999999999;10.0;18.0;0.99774;3.22;0.65;9.3;6;892
8.3;0.845;0.01;2.2;0.07;5.0;14.0;0.9967;3.32;0.58;11.0;4;647
8.1;0.78;0.23;2.6;0.059;5.0;15.0;0.997;3.37;0.56;11.3;5;685
5.6;0.605;0.05;2.4;0.073;19.0;25.0;0.99258;3.56;0.55;12.9;5;1052
11.3;0.36;0.66;2.4;0.123;3.0;8.0;0.99642;3.2;0.53;11.9;6;1020
8.0;0.81;0.25;3.4;0.076;34.0;85.0;0.99668;3.19;0.42;9.2;5;1385
8.8;0.42;0.21;2.5;0.092;33.0;88.0;0.99823;3.19;0.52;9.2;5;759
8.6;0.83;0.0;2.8;0.095;17.0;43.0;0.99822;3.33;0.6;10.4;6;1025
7.0;0.69;0.07;2.5;0.091;15.0;21.0;0.99572;3.38;0.6;11.3;6;1117
9.5;0.57;0.27;2.3;0.0819999999999999;23.0;144.0;0.99782;3.27;0.55;9.4;5;772
8.2;0.34;0.38;2.5;0.08;12.0;57.0;0.9978;3.3;0.47;9.0;6;746
8.5;0.46;0.59;1.4;0.414;16.0;45.0;0.99702;3.03;1.34;9.2;5;1051
6.5;0.63;0.33;1.8;0.059;16.0;28.0;0.99531;3.36;0.64;10.1;6;1545
7.7;0.58;0.01;1.8;0.088;12.0;18.0;0.99568;3.32;0.56;10.5;7;1029
7.0;0.685;0.0;1.9;0.099;9.0;22.0;0.99606;3.34;0.6;9.7;5;820
6.8;0.36;0.32;1.8;0.067;4.0;8.0;0.9928;3.36;0.55;12.8;7;1005
6.1;0.32;0.25;2.3;0.071;23.0;58.0;0.99633;3.42;0.97;10.6;5;1522
10.0;0.58;0.22;1.9;0.08;9.0;32.0;0.9974;3.13;0.55;9.5;5;622
5.0;0.4;0.5;4.3;0.046;29.0;80.0;0.9902;3.49;0.66;13.6;6;1114
7.3;0.44;0.2;1.6;0.049;24.0;64.0;0.9935;3.38;0.57;11.7;6;1271
7.9;0.34;0.36;1.9;0.065;5.0;10.0;0.99419;3.27;0.54;11.2;7;1201
8.0;0.38;0.06;1.8;0.078;12.0;49.0;0.99625;3.37;0.52;9.9;6;231
9.6;0.77;0.12;2.9;0.0819999999999999;30.0;74.0;0.99865;3.3;0.64;10.4;6;319
7.2;0.5;0.18;2.1;0.071;12.0;31.0;0.99761;3.52;0.72;9.6;6;748
7.5;0.61;0.26;1.9;0.073;24.0;88.0;0.99612;3.3;0.53;9.8;5;1305
10.8;0.5;0.46;2.5;0.073;5.0;27.0;10.001;3.05;0.64;9.5;5;295
7.2;0.605;0.02;1.9;0.096;10.0;31.0;0.995;3.46;0.53;11.8;6;1364
10.1;0.31;0.44;2.3;0.08;22.0;46.0;0.9988;3.32;0.67;9.7;6;113
9.7;0.53;0.6;2.0;0.039;5.0;19.0;0.99585;3.3;0.86;12.4;6;210
10.5;0.24;0.47;2.1;0.066;6.0;24.0;0.9978;3.15;0.9;11.0;7;430
11.9;0.39;0.69;2.8;0.095;17.0;35.0;0.9994;3.1;0.61;10.8;6;449
6.4;0.42;0.09;2.3;0.054;34.0;64.0;0.99724;3.41;0.68;10.4;6;1460
9.3;0.38;0.48;3.8;0.132;3.0;11.0;0.99577;3.23;0.57;13.2;6;910
8.5;0.34;0.4;4.7;0.055;3.0;9.0;0.99738;3.38;0.66;11.6;7;1086
7.7;0.69;0.49;1.8;0.115;20.0;112.0;0.9968;3.21;0.71;9.3;5;61
7.3;0.835;0.03;2.1;0.092;10.0;19.0;0.9966;3.39;0.47;9.6;5;732
8.9;0.31;0.57;2.0;0.111;26.0;85.0;0.9971;3.26;0.53;9.7;5;185
7.7;0.39;0.12;1.7;0.0969999999999999;19.0;27.0;0.99596;3.16;0.49;9.4;5;990
9.3;0.655;0.26;2.0;0.096;5.0;35.0;0.99738;3.25;0.42;9.6;5;761
9.1;0.3;0.34;2.0;0.064;12.0;25.0;0.99516;3.26;0.84;11.7;7;1007
15.6;0.685;0.76;3.7;0.1;6.0;43.0;10.032;2.95;0.68;11.2;7;442
6.2;0.36;0.24;2.2;0.095;19.0;42.0;0.9946;3.57;0.57;11.7;6;569
7.6;0.715;0.0;2.1;0.068;30.0;35.0;0.99533;3.48;0.65;11.4;6;881
8.9;0.565;0.34;3.0;0.093;16.0;112.0;0.9998;3.38;0.61;9.5;5;711
6.2;0.52;0.08;4.4;0.071;11.0;32.0;0.99646;3.56;0.63;11.6;6;1540
7.4;0.49;0.19;3.0;0.077;16.0;37.0;0.9966;3.37;0.51;10.5;5;707
8.9;0.84;0.34;1.4;0.05;4.0;10.0;0.99554;3.12;0.48;9.1;6;998
7.2;0.33;0.33;1.7;0.061;3.0;13.0;0.996;3.23;1.1;10.0;8;1403
7.5;0.51;0.02;1.7;0.084;13.0;31.0;0.99538;3.36;0.54;10.5;6;1341
7.4;0.7;0.0;1.9;0.076;11.0;34.0;0.9978;3.51;0.56;9.4;5;0
11.2;0.67;0.55;2.3;0.084;6.0;13.0;1.0;3.17;0.71;9.5;6;507
8.0;0.6;0.22;2.1;0.08;25.0;105.0;0.99613;3.3;0.49;9.9;5;1382
11.3;0.34;0.45;2.0;0.0819999999999999;6.0;15.0;0.9988;2.94;0.66;9.2;6;669
7.4;0.58;0.0;2.0;0.064;7.0;11.0;0.99562;3.45;0.58;11.3;6;985
5.4;0.74;0.0;1.2;0.0409999999999999;16.0;46.0;0.99258;4.01;0.59;12.5;6;1316
7.3;0.66;0.0;2.0;0.084;6.0;23.0;0.9983;3.61;0.96;9.9;6;245
7.9;0.35;0.21;1.9;0.073;46.0;102.0;0.9964;3.27;0.58;9.5;5;634
7.5;0.52;0.42;2.3;0.087;8.0;38.0;0.9972;3.58;0.61;10.5;6;177
7.4;0.6;0.26;2.1;0.083;17.0;91.0;0.99616;3.29;0.56;9.8;6;1329
8.0;0.745;0.56;2.0;0.118;30.0;134.0;0.9968;3.24;0.66;9.4;5;130
7.1;0.67;0.0;2.3;0.083;18.0;27.0;0.99768;3.44;0.54;9.4;5;1551
6.6;0.695;0.0;2.1;0.075;12.0;56.0;0.9968;3.49;0.67;9.2;5;257
4.9;0.42;0.0;2.1;0.048;16.0;42.0;0.99154;3.71;0.74;14.0;7;821
7.9;0.66;0.0;1.4;0.096;6.0;13.0;0.99569;3.43;0.58;9.5;5;1253
11.5;0.41;0.52;3.0;0.08;29.0;55.0;10.001;3.26;0.88;11.0;5;356
8.1;0.545;0.18;1.9;0.08;13.0;35.0;0.9972;3.3;0.59;9.0;6;99
6.8;0.61;0.2;1.8;0.077;11.0;65.0;0.9971;3.54;0.58;9.3;5;183
9.1;0.52;0.33;1.3;0.07;9.0;30.0;0.9978;3.24;0.6;9.3;5;428
6.7;0.28;0.28;2.4;0.012;36.0;100.0;0.99064;3.26;0.39;11.7;7;837
8.3;0.615;0.22;2.6;0.087;6.0;19.0;0.9982;3.26;0.61;9.3;5;461
5.9;0.46;0.0;1.9;0.077;25.0;44.0;0.99385;3.5;0.53;11.2;5;1272
7.0;0.64;0.02;2.1;0.067;9.0;23.0;0.997;3.47;0.67;9.4;6;702
7.5;0.685;0.07;2.5;0.0579999999999999;5.0;9.0;0.99632;3.38;0.55;10.9;4;830
6.5;0.88;0.03;5.6;0.079;23.0;47.0;0.99572;3.58;0.5;11.2;4;1176
9.4;0.615;0.28;3.2;0.087;18.0;72.0;10.001;3.31;0.53;9.7;5;698
9.4;0.685;0.11;2.7;0.077;6.0;31.0;0.9984;3.19;0.7;10.1;6;479
7.2;0.36;0.46;2.1;0.074;24.0;44.0;0.99534;3.4;0.85;11.0;7;1206
8.5;0.37;0.2;2.8;0.09;18.0;58.0;0.998;3.34;0.7;9.6;6;232
7.3;0.45;0.36;5.9;0.074;12.0;87.0;0.9978;3.33;0.83;10.5;5;40
8.1;0.72;0.09;2.8;0.084;18.0;49.0;0.9994;3.43;0.72;11.1;6;726
7.9;0.545;0.06;4.0;0.087;27.0;61.0;0.9965;3.36;0.67;10.7;6;270
7.7;0.39;0.12;1.7;0.0969999999999999;19.0;27.0;0.99596;3.16;0.49;9.4;5;988
7.7;0.58;0.1;1.8;0.102;28.0;109.0;0.99565;3.08;0.49;9.8;6;242
7.1;0.59;0.01;2.3;0.08;27.0;43.0;0.9955;3.42;0.58;10.7;6;897
7.1;0.68;0.07;1.9;0.075;16.0;51.0;0.99685;3.38;0.52;9.5;5;246
6.4;0.57;0.02;1.8;0.067;4.0;11.0;0.997;3.46;0.68;9.5;5;728
6.1;0.58;0.23;2.5;0.044;16.0;70.0;0.99352;3.46;0.65;12.5;6;1151
6.8;0.57;0.0;2.5;0.072;32.0;64.0;0.99491;3.43;0.56;11.2;6;888
9.0;0.48;0.32;2.8;0.084;21.0;122.0;0.9984;3.32;0.62;9.4;5;693
7.2;0.49;0.24;2.2;0.07;5.0;36.0;0.996;3.33;0.48;9.4;5;104
7.6;0.43;0.29;2.1;0.075;19.0;66.0;0.99718;3.4;0.64;9.5;5;1229
13.4;0.27;0.62;2.6;0.0819999999999999;6.0;21.0;10.002;3.16;0.67;9.7;6;328
7.1;0.63;0.06;2.0;0.083;8.0;29.0;0.99855;3.67;0.73;9.6;5;297
6.3;0.68;0.01;3.7;0.103;32.0;54.0;0.99586;3.51;0.66;11.3;6;1552
6.7;0.62;0.21;1.9;0.079;8.0;62.0;0.997;3.52;0.58;9.3;6;184
8.4;0.62;0.12;1.8;0.072;38.0;46.0;0.99504;3.38;0.89;11.8;6;922
8.2;0.35;0.33;2.4;0.076;11.0;47.0;0.99599;3.27;0.81;11.0;6;1179
7.0;0.975;0.04;2.0;0.087;12.0;67.0;0.99565;3.35;0.6;9.4;4;261
7.3;0.39;0.31;2.4;0.074;9.0;46.0;0.9962;3.41;0.54;9.4;6;59
7.1;0.43;0.42;5.5;0.071;28.0;128.0;0.9973;3.42;0.71;10.5;5;157
11.1;0.31;0.53;2.2;0.06;3.0;10.0;0.99572;3.02;0.83;10.9;7;1067
8.8;0.64;0.17;2.9;0.084;25.0;130.0;0.99818;3.23;0.54;9.6;5;791
6.6;0.57;0.02;2.1;0.115;6.0;16.0;0.99654;3.38;0.69;9.5;5;962
7.8;0.7;0.06;1.9;0.079;20.0;35.0;0.99628;3.4;0.69;10.9;5;1254
6.2;0.64;0.09;2.5;0.081;15.0;26.0;0.99538;3.57;0.63;12.0;5;1538
8.5;0.46;0.31;2.25;0.078;32.0;58.0;0.998;3.33;0.54;9.8;5;682
7.2;0.52;0.07;1.4;0.074;5.0;20.0;0.9973;3.32;0.81;9.6;6;658
5.2;0.32;0.25;1.8;0.103;13.0;50.0;0.9957;3.38;0.55;9.2;5;34
6.7;0.54;0.13;2.0;0.076;15.0;36.0;0.9973;3.61;0.64;9.8;5;823
7.2;0.66;0.03;2.3;0.078;16.0;86.0;0.99743;3.53;0.57;9.7;5;891
8.9;0.12;0.45;1.8;0.075;10.0;21.0;0.99552;3.41;0.76;11.9;7;950
7.4;0.55;0.19;1.8;0.0819999999999999;15.0;34.0;0.99655;3.49;0.68;10.5;5;1245
8.5;0.655;0.49;6.1;0.122;34.0;151.0;1.001;3.31;1.14;9.3;5;515
6.2;0.51;0.14;1.9;0.0559999999999999;15.0;34.0;0.99396;3.48;0.57;11.5;6;1569
7.2;0.655;0.03;1.8;0.078;7.0;12.0;0.99587;3.34;0.39;9.5;5;1347
11.2;0.5;0.74;5.15;0.1;5.0;17.0;0.9996;3.22;0.62;11.2;5;539
8.9;0.29;0.35;1.9;0.067;25.0;57.0;0.997;3.18;1.36;10.3;6;639
9.1;0.28;0.48;1.8;0.067;26.0;46.0;0.9967;3.32;1.04;10.6;6;372
8.5;0.47;0.27;1.9;0.0579999999999999;18.0;38.0;0.99518;3.16;0.85;11.1;6;960
5.1;0.42;0.0;1.8;0.044;18.0;88.0;0.99157;3.68;0.73;13.6;7;1228
8.7;0.54;0.26;2.5;0.0969999999999999;7.0;31.0;0.9976;3.27;0.6;9.3;6;628
9.5;0.46;0.24;2.7;0.092;14.0;44.0;0.998;3.12;0.74;10.0;6;552
7.1;0.6;0.0;1.8;0.074;16.0;34.0;0.9972;3.47;0.7;9.9;6;251
6.3;0.39;0.16;1.4;0.08;11.0;23.0;0.9955;3.34;0.56;9.3;5;25
7.2;0.66;0.03;2.3;0.078;16.0;86.0;0.99743;3.53;0.57;9.7;5;893
6.3;0.51;0.13;2.3;0.076;29.0;40.0;0.99574;3.42;0.75;11.0;6;1592
5.9;0.61;0.08;2.1;0.071;16.0;24.0;0.99376;3.56;0.77;11.1;6;831
9.3;0.39;0.44;2.1;0.107;34.0;125.0;0.9978;3.14;1.22;9.5;5;88
13.7;0.415;0.68;2.9;0.085;17.0;43.0;10.014;3.06;0.8;10.0;6;391
6.2;0.44;0.39;2.5;0.077;6.0;14.0;0.99555;3.51;0.69;11.0;6;1503
6.6;0.735;0.02;7.9;0.122;68.0;124.0;0.9994;3.47;0.53;9.9;5;400
6.8;0.915;0.29;4.8;0.07;15.0;39.0;0.99577;3.53;0.54;11.1;5;1437
10.4;0.61;0.49;2.1;0.2;5.0;16.0;0.9994;3.16;0.63;8.4;3;517
7.9;0.33;0.41;1.5;0.0559999999999999;6.0;35.0;0.99396;3.29;0.71;11.0;6;1112
8.9;0.5;0.21;2.2;0.088;21.0;39.0;0.99692;3.33;0.83;11.1;6;1039
9.5;0.86;0.26;1.9;0.079;13.0;28.0;0.99712;3.25;0.62;10.0;5;981
9.1;0.68;0.11;2.8;0.093;11.0;44.0;0.99888;3.31;0.55;9.5;6;764
5.3;0.47;0.11;2.2;0.048;16.0;89.0;0.99182;3.54;0.88;13.6;7;1477
7.4;0.36;0.34;1.8;0.075;18.0;38.0;0.9933;3.38;0.88;13.6;7;1132
9.9;0.54;0.45;2.3;0.071;16.0;40.0;0.9991;3.39;0.62;9.4;5;642
6.8;0.51;0.01;2.1;0.074;9.0;25.0;0.9958;3.33;0.56;9.5;6;550
6.9;0.45;0.11;2.4;0.043;6.0;12.0;0.99354;3.3;0.65;11.4;6;1142
7.4;0.6;0.26;2.1;0.083;17.0;91.0;0.99616;3.29;0.56;9.8;6;1330
11.9;0.38;0.49;2.7;0.098;12.0;42.0;10.004;3.16;0.61;10.3;5;531
8.8;0.44;0.49;2.8;0.083;18.0;111.0;0.9982;3.3;0.6;9.5;5;577
8.1;0.575;0.22;2.1;0.077;12.0;65.0;0.9967;3.29;0.51;9.2;5;105
7.0;0.43;0.02;1.9;0.08;15.0;28.0;0.99492;3.35;0.81;10.6;6;1495
7.5;0.38;0.48;2.6;0.073;22.0;84.0;0.9972;3.32;0.7;9.6;4;703
8.0;0.58;0.16;2.0;0.12;3.0;7.0;0.99454;3.22;0.58;11.2;6;1014
7.2;0.635;0.07;2.6;0.077;16.0;86.0;0.99748;3.51;0.54;9.7;5;865
7.4;0.6;0.26;7.3;0.07;36.0;121.0;0.9982;3.37;0.49;9.4;5;163
12.0;0.28;0.49;1.9;0.074;10.0;21.0;0.9976;2.98;0.66;9.9;7;583
10.6;0.5;0.45;2.6;0.119;34.0;68.0;0.99708;3.23;0.72;10.9;6;842
7.4;0.68;0.16;1.8;0.078;12.0;39.0;0.9977;3.5;0.7;9.9;6;847
8.0;0.59;0.16;1.8;0.065;3.0;16.0;0.9962;3.42;0.92;10.5;7;128
6.6;0.44;0.09;2.2;0.063;9.0;18.0;0.99444;3.42;0.69;11.3;6;1530
7.0;0.65;0.02;2.1;0.066;8.0;25.0;0.9972;3.47;0.67;9.5;6;701
7.8;0.5;0.12;1.8;0.178;6.0;21.0;0.996;3.28;0.87;9.8;6;1146
8.1;0.78;0.1;3.3;0.09;4.0;13.0;0.99855;3.36;0.49;9.5;5;1108
6.3;0.57;0.28;2.1;0.048;13.0;49.0;0.99374;3.41;0.6;12.8;5;1105
7.8;0.61;0.29;1.6;0.114;9.0;29.0;0.9974;3.26;1.56;9.1;5;13
5.0;1.04;0.24;1.6;0.05;32.0;96.0;0.9934;3.74;0.62;11.5;5;553
6.8;0.65;0.02;2.1;0.078;8.0;15.0;0.99498;3.35;0.62;10.4;6;1212
6.4;0.47;0.4;2.4;0.071;8.0;19.0;0.9963;3.56;0.73;10.6;6;1411
8.8;0.4;0.4;2.2;0.079;19.0;52.0;0.998;3.44;0.64;9.2;5;60
8.9;0.635;0.37;1.7;0.263;5.0;62.0;0.9971;3.0;1.09;9.3;5;240
12.3;0.5;0.49;2.2;0.089;5.0;14.0;10.002;3.19;0.44;9.6;5;581
8.6;0.55;0.09;3.3;0.068;8.0;17.0;0.99735;3.23;0.44;10.0;5;801
6.1;0.59;0.01;2.1;0.0559999999999999;5.0;13.0;0.99472;3.52;0.56;11.4;5;1346
8.8;0.955;0.05;1.8;0.075;5.0;19.0;0.99616;3.3;0.44;9.6;4;1189
8.5;0.585;0.18;2.1;0.078;5.0;30.0;0.9967;3.2;0.48;9.8;6;598
9.0;0.58;0.25;2.8;0.075;9.0;104.0;0.99779;3.23;0.57;9.7;5;760
6.9;0.74;0.03;2.3;0.054;7.0;16.0;0.99508;3.45;0.63;11.5;6;1497
7.2;0.695;0.13;2.0;0.076;12.0;20.0;0.99546;3.29;0.54;10.1;5;1567
7.6;0.49;0.33;1.9;0.074;27.0;85.0;0.99706;3.41;0.58;9.0;5;1457
10.8;0.47;0.43;2.1;0.171;27.0;66.0;0.9982;3.17;0.76;10.8;6;1109
11.9;0.58;0.66;2.5;0.072;6.0;37.0;0.9992;3.05;0.56;10.0;5;362
9.6;0.68;0.24;2.2;0.087;5.0;28.0;0.9988;3.14;0.6;10.2;5;475
7.9;0.43;0.21;1.6;0.106;10.0;37.0;0.9966;3.17;0.91;9.5;5;22
8.5;0.28;0.35;1.7;0.061;6.0;15.0;0.99524;3.3;0.74;11.8;7;1134
11.6;0.58;0.66;2.2;0.074;10.0;47.0;10.008;3.25;0.57;9.0;3;459
8.3;0.85;0.14;2.5;0.093;13.0;54.0;0.99724;3.36;0.54;10.1;5;1361
7.3;0.48;0.32;2.1;0.062;31.0;54.0;0.99728;3.3;0.65;10.0;7;1466
10.3;0.43;0.44;2.4;0.214;5.0;12.0;0.9994;3.19;0.63;9.5;6;308
8.0;0.57;0.23;3.2;0.073;17.0;119.0;0.99675;3.26;0.57;9.3;5;255
8.1;0.67;0.55;1.8;0.1169999999999999;32.0;141.0;0.9968;3.17;0.62;9.4;5;145
8.9;0.875;0.13;3.45;0.088;4.0;14.0;0.9994;3.44;0.52;11.5;5;731
6.7;0.675;0.07;2.4;0.089;17.0;82.0;0.9958;3.35;0.54;10.1;5;30
10.4;0.44;0.73;6.55;0.074;38.0;76.0;0.999;3.17;0.85;12.0;7;502
8.6;0.42;0.39;1.8;0.068;6.0;12.0;0.99516;3.35;0.69;11.7;8;1202
8.1;0.33;0.44;1.5;0.042;6.0;12.0;0.99542;3.35;0.61;10.7;5;1483
8.2;0.26;0.34;2.5;0.073;16.0;47.0;0.99594;3.4;0.78;11.3;7;857
9.8;0.45;0.38;2.5;0.081;34.0;66.0;0.99726;3.15;0.58;9.8;5;1262
9.4;0.3;0.56;2.8;0.08;6.0;17.0;0.9964;3.15;0.92;11.7;8;481
6.3;0.36;0.19;3.2;0.075;15.0;39.0;0.9956;3.56;0.52;12.7;6;609
6.4;0.39;0.33;3.3;0.046;12.0;53.0;0.99294;3.36;0.62;12.2;6;1044
11.1;0.18;0.48;1.5;0.068;7.0;15.0;0.9973;3.22;0.64;10.1;6;301
9.9;0.59;0.07;3.4;0.102;32.0;71.0;100.015;3.31;0.71;9.8;5;285
10.4;0.52;0.45;2.0;0.08;6.0;13.0;0.99774;3.22;0.76;11.4;6;1136
8.4;0.745;0.11;1.9;0.09;16.0;63.0;0.9965;3.19;0.82;9.6;5;135
10.4;0.43;0.5;2.3;0.068;13.0;19.0;0.996;3.1;0.87;11.4;6;1267
7.6;0.9;0.06;2.5;0.079;5.0;10.0;0.9967;3.39;0.56;9.8;5;98
6.5;0.9;0.0;1.6;0.052;9.0;17.0;0.99467;3.5;0.63;10.9;6;1455
12.5;0.46;0.49;4.5;0.07;26.0;49.0;0.9981;3.05;0.57;9.6;4;409
7.0;0.54;0.0;2.1;0.079;39.0;55.0;0.9956;3.39;0.84;11.4;6;1422
7.5;0.64;0.0;2.4;0.077;18.0;29.0;0.9965;3.32;0.6;10.0;6;612
7.5;0.63;0.27;2.0;0.083;17.0;91.0;0.99616;3.26;0.58;9.8;6;1315
8.7;0.625;0.16;2.0;0.1009999999999999;13.0;49.0;0.9962;3.14;0.57;11.0;5;216
7.8;0.41;0.68;1.7;0.467;18.0;69.0;0.9973;3.08;1.31;9.3;5;106
6.5;0.51;0.15;3.0;0.064;12.0;27.0;0.9929;3.33;0.59;12.8;6;1311
8.4;0.25;0.39;2.0;0.0409999999999999;4.0;10.0;0.99386;3.27;0.71;12.5;7;806
8.7;0.54;0.26;2.5;0.0969999999999999;7.0;31.0;0.9976;3.27;0.6;9.3;6;630
12.5;0.56;0.49;2.4;0.064;5.0;27.0;0.9999;3.08;0.87;10.9;5;264
5.6;0.85;0.05;1.4;0.045;12.0;88.0;0.9924;3.56;0.82;12.9;8;390
7.9;0.65;0.01;2.5;0.078;17.0;38.0;0.9963;3.34;0.74;11.7;7;334
7.7;0.66;0.04;1.6;0.039;4.0;9.0;0.9962;3.4;0.47;9.4;5;688
11.2;0.4;0.5;2.0;0.099;19.0;50.0;0.99783;3.1;0.58;10.4;5;1548
7.1;0.52;0.03;2.6;0.076;21.0;92.0;0.99745;3.5;0.6;9.8;5;779
6.8;0.64;0.1;2.1;0.085;18.0;101.0;0.9956;3.34;0.52;10.2;5;166
6.7;0.46;0.24;1.7;0.077;18.0;34.0;0.9948;3.39;0.6;10.6;6;1325
6.9;0.58;0.2;1.75;0.0579999999999999;8.0;22.0;0.99322;3.38;0.49;11.7;5;1443
8.4;0.56;0.04;2.0;0.0819999999999999;10.0;22.0;0.9976;3.22;0.44;9.6;5;720
8.3;0.31;0.39;2.4;0.078;17.0;43.0;0.99444;3.31;0.77;12.5;7;896
7.0;0.58;0.28;4.8;0.085;12.0;69.0;0.99633;3.32;0.7;11.0;6;1257
6.8;0.64;0.0;2.7;0.123;15.0;33.0;0.99538;3.44;0.63;11.3;6;1258
7.5;0.77;0.2;8.1;0.098;30.0;92.0;0.99892;3.2;0.58;9.2;5;1071
7.0;0.805;0.0;2.5;0.068;7.0;20.0;0.9969;3.48;0.56;9.6;5;178
7.8;0.63;0.48;1.7;0.1;14.0;96.0;0.9961;3.19;0.62;9.5;5;165
8.3;0.49;0.36;1.8;0.222;6.0;16.0;0.998;3.18;0.6;9.5;6;666
8.3;0.56;0.22;2.4;0.0819999999999999;10.0;86.0;0.9983;3.37;0.62;9.5;5;1243
6.3;0.3;0.48;1.8;0.069;18.0;61.0;0.9959;3.44;0.78;10.3;6;84
6.4;0.64;0.21;1.8;0.081;14.0;31.0;0.99689;3.59;0.66;9.8;5;846
10.2;0.33;0.46;1.9;0.081;6.0;9.0;0.99628;3.1;0.48;10.4;6;1214
8.4;0.67;0.19;2.2;0.093;11.0;75.0;0.99736;3.2;0.59;9.2;4;927
8.0;0.25;0.43;1.7;0.067;22.0;50.0;0.9946;3.38;0.6;11.9;6;1135
7.5;0.58;0.56;3.1;0.153;5.0;14.0;0.99476;3.21;1.03;11.6;6;1371
7.5;0.6;0.03;1.8;0.095;25.0;99.0;0.995;3.35;0.54;10.1;5;153
8.3;0.31;0.39;2.4;0.078;17.0;43.0;0.99444;3.31;0.77;12.5;7;898
9.8;0.25;0.49;2.7;0.088;15.0;33.0;0.9982;3.42;0.9;10.0;6;520
8.3;0.26;0.42;2.0;0.08;11.0;27.0;0.9974;3.21;0.8;9.4;6;380
9.4;0.24;0.33;2.3;0.061;52.0;73.0;0.99786;3.47;0.9;10.2;6;926
7.2;0.725;0.05;4.65;0.086;4.0;11.0;0.9962;3.41;0.39;10.9;5;65
10.7;0.35;0.53;2.6;0.07;5.0;16.0;0.9972;3.15;0.65;11.0;8;495
6.9;0.54;0.04;3.0;0.077;7.0;27.0;0.9987;3.69;0.91;9.4;6;276
7.3;0.33;0.47;2.1;0.077;5.0;11.0;0.9958;3.33;0.53;10.3;6;150
7.4;0.7;0.0;1.9;0.076;11.0;34.0;0.9978;3.51;0.56;9.4;5;4
8.2;0.24;0.34;5.1;0.062;8.0;22.0;0.9974;3.22;0.94;10.9;6;1412
6.5;0.67;0.0;4.3;0.057;11.0;20.0;0.99488;3.45;0.56;11.8;4;1239
9.1;0.34;0.42;1.8;0.0579999999999999;9.0;18.0;0.99392;3.18;0.55;11.4;5;1322
7.9;0.24;0.4;1.6;0.0559999999999999;11.0;25.0;0.9967;3.32;0.87;8.7;6;371
10.0;0.32;0.59;2.2;0.077;3.0;15.0;0.9994;3.2;0.78;9.6;5;1416
8.8;0.6;0.29;2.2;0.098;5.0;15.0;0.9988;3.36;0.49;9.1;5;627
5.9;0.55;0.1;2.2;0.062;39.0;51.0;0.99512;3.52;0.76;11.2;6;1595
7.0;0.6;0.3;4.5;0.068;20.0;110.0;0.99914;3.3;1.17;10.2;5;1288
7.3;0.43;0.24;2.5;0.078;27.0;67.0;0.99648;3.6;0.59;11.1;6;1357
12.3;0.39;0.63;2.3;0.091;6.0;18.0;10.004;3.16;0.49;9.5;5;433
10.6;0.36;0.6;2.2;0.152;7.0;18.0;0.9986;3.04;1.06;9.4;5;483
11.6;0.41;0.54;1.5;0.095;22.0;41.0;0.99735;3.02;0.76;9.9;7;1088
12.5;0.38;0.6;2.6;0.081;31.0;72.0;0.9996;3.1;0.73;10.5;5;446
8.0;0.725;0.24;2.8;0.083;10.0;62.0;0.99685;3.35;0.56;10.0;6;211
7.3;0.38;0.21;2.0;0.08;7.0;35.0;0.9961;3.33;0.47;9.5;5;176
7.2;0.67;0.0;2.2;0.068;10.0;24.0;0.9956;3.42;0.72;11.1;6;1399
9.3;0.37;0.44;1.6;0.038;21.0;42.0;0.99526;3.24;0.81;10.8;7;797
7.1;0.34;0.28;2.0;0.0819999999999999;31.0;68.0;0.99694;3.45;0.48;9.4;5;991
9.9;0.27;0.49;5.0;0.0819999999999999;9.0;17.0;0.99484;3.19;0.52;12.5;7;941
8.3;0.675;0.26;2.1;0.084;11.0;43.0;0.9976;3.31;0.53;9.2;4;73
8.9;0.745;0.18;2.5;0.077;15.0;48.0;0.99739;3.2;0.47;9.7;6;1034
8.7;0.69;0.31;3.0;0.086;23.0;81.0;10.002;3.48;0.74;11.6;6;499
6.6;0.56;0.14;2.4;0.064;13.0;29.0;0.99397;3.42;0.62;11.7;7;1534
6.9;1.09;0.06;2.1;0.061;12.0;31.0;0.9948;3.51;0.43;11.4;4;199
7.5;0.42;0.31;1.6;0.08;15.0;42.0;0.9978;3.31;0.64;9.0;5;661
8.6;0.47;0.27;2.3;0.055;14.0;28.0;0.99516;3.18;0.8;11.2;5;924
15.6;0.645;0.49;4.2;0.095;10.0;23.0;100.315;2.92;0.74;11.1;5;557
8.2;0.38;0.32;2.5;0.08;24.0;71.0;0.99624;3.27;0.85;11.0;6;1141
7.0;0.23;0.4;1.6;0.063;21.0;67.0;0.9952;3.5;0.63;11.1;5;454
7.6;0.41;0.24;1.8;0.08;4.0;11.0;0.9962;3.28;0.59;9.5;5;26
8.8;0.33;0.41;5.9;0.073;7.0;13.0;0.99658;3.3;0.62;12.1;7;974
6.2;0.785;0.0;2.1;0.06;6.0;13.0;0.99664;3.59;0.61;10.0;4;1461
8.0;0.5;0.39;2.6;0.0819999999999999;12.0;46.0;0.9985;3.43;0.62;10.7;6;1404
7.4;0.41;0.24;1.8;0.066;18.0;47.0;0.9956;3.37;0.62;10.4;5;1430
9.8;0.5;0.49;2.6;0.25;5.0;20.0;0.999;3.31;0.79;10.7;6;568
8.3;0.65;0.1;2.9;0.089;17.0;40.0;0.99803;3.29;0.55;9.5;5;753
7.7;0.64;0.21;2.2;0.077;32.0;133.0;0.9956;3.27;0.45;9.9;5;1419
5.6;0.66;0.0;2.5;0.066;7.0;15.0;0.99256;3.52;0.58;12.9;5;1119
7.6;0.51;0.15;2.8;0.11;33.0;73.0;0.9955;3.17;0.63;10.2;6;54
10.8;0.32;0.44;1.6;0.063;16.0;37.0;0.9985;3.22;0.78;10.0;6;250
9.6;0.56;0.31;2.8;0.089;15.0;46.0;0.9979;3.11;0.92;10.0;6;348
11.7;0.45;0.63;2.2;0.073;7.0;23.0;0.99974;3.21;0.69;10.9;6;1454
7.2;0.36;0.46;2.1;0.074;24.0;44.0;0.99534;3.4;0.85;11.0;7;1204
6.8;0.62;0.08;1.9;0.068;28.0;38.0;0.99651;3.42;0.82;9.5;6;1593
9.2;0.92;0.24;2.6;0.087;12.0;93.0;0.9998;3.48;0.54;9.8;5;691
8.1;0.725;0.22;2.2;0.072;11.0;41.0;0.9967;3.36;0.55;9.1;5;217
7.4;0.635;0.1;2.4;0.08;16.0;33.0;0.99736;3.58;0.69;10.8;7;902
8.8;0.3;0.38;2.3;0.06;19.0;72.0;0.99543;3.39;0.72;11.8;6;936
9.9;0.4;0.53;6.7;0.0969999999999999;6.0;19.0;0.9986;3.27;0.82;11.7;7;413
9.0;0.8;0.12;2.4;0.083;8.0;28.0;0.99836;3.33;0.65;10.4;6;886
7.2;0.41;0.3;2.1;0.083;35.0;72.0;0.997;3.44;0.52;9.4;5;975
9.2;0.31;0.36;2.2;0.079;11.0;31.0;0.99615;3.33;0.86;12.0;7;1093
7.1;0.61;0.02;2.5;0.081;17.0;87.0;0.99745;3.48;0.6;9.7;6;792
7.8;0.87;0.26;3.8;0.107;31.0;67.0;0.99668;3.26;0.46;9.2;5;1331
7.6;0.78;0.0;1.7;0.076;33.0;45.0;0.99612;3.31;0.62;10.7;6;1046
6.9;0.4;0.14;2.4;0.085;21.0;40.0;0.9968;3.43;0.63;9.7;6;24
8.8;0.61;0.14;2.4;0.067;10.0;42.0;0.9969;3.19;0.59;9.5;5;179
8.9;0.59;0.39;2.3;0.095;5.0;22.0;0.9986;3.37;0.58;10.3;5;456
8.2;0.7;0.23;2.0;0.099;14.0;81.0;0.9973;3.19;0.7;9.4;5;360
6.7;0.64;0.23;2.1;0.08;11.0;119.0;0.99538;3.36;0.7;10.9;5;1184
6.4;0.36;0.53;2.2;0.23;19.0;35.0;0.9934;3.37;0.93;12.4;6;1570
7.9;0.35;0.46;3.6;0.078;15.0;37.0;0.9973;3.35;0.86;12.8;8;267
7.3;0.59;0.26;7.2;0.07;35.0;121.0;0.9981;3.37;0.49;9.4;5;164
7.2;0.695;0.13;2.0;0.076;12.0;20.0;0.99546;3.29;0.54;10.1;5;1563
7.0;0.69;0.07;2.5;0.091;15.0;21.0;0.99572;3.38;0.6;11.3;6;1115
9.3;0.43;0.44;1.9;0.085;9.0;22.0;0.99708;3.28;0.55;9.5;5;850
9.4;0.34;0.37;2.2;0.075;5.0;13.0;0.998;3.22;0.62;9.2;5;256
12.8;0.84;0.63;2.4;0.088;13.0;35.0;0.9997;3.1;0.6;10.4;6;429
7.6;0.645;0.03;1.9;0.086;14.0;57.0;0.9969;3.37;0.46;10.3;5;1353
7.6;0.74;0.0;1.9;0.1;6.0;12.0;0.99521;3.36;0.59;11.0;5;1290
5.7;0.6;0.0;1.4;0.063;11.0;18.0;0.99191;3.45;0.56;12.2;6;1298
8.6;0.635;0.68;1.8;0.4029999999999999;19.0;56.0;0.99632;3.02;1.15;9.3;5;1260
7.4;0.64;0.07;1.8;0.1;8.0;23.0;0.9961;3.3;0.58;9.6;5;1386
7.7;0.57;0.21;1.5;0.069;4.0;9.0;0.99458;3.16;0.54;9.8;6;1197
6.4;0.57;0.02;1.8;0.067;4.0;11.0;0.997;3.46;0.68;9.5;5;727
7.0;0.38;0.49;2.5;0.0969999999999999;33.0;85.0;0.9962;3.39;0.77;11.4;6;527
7.2;0.725;0.05;4.65;0.086;4.0;11.0;0.9962;3.41;0.39;10.9;5;64
8.2;0.73;0.21;1.7;0.074;5.0;13.0;0.9968;3.2;0.52;9.5;5;671
7.4;0.53;0.26;2.0;0.1009999999999999;16.0;72.0;0.9957;3.15;0.57;9.4;5;221
8.4;0.39;0.1;1.7;0.075;6.0;25.0;0.99581;3.09;0.43;9.7;6;1332
15.0;0.21;0.44;2.2;0.075;10.0;24.0;100.005;3.07;0.84;9.2;7;244
8.5;0.49;0.11;2.3;0.084;9.0;67.0;0.9968;3.17;0.53;9.4;5;23
7.1;0.66;0.0;3.9;0.086;17.0;45.0;0.9976;3.46;0.54;9.5;5;719
8.0;0.705;0.05;1.9;0.074;8.0;19.0;0.9962;3.34;0.95;10.5;6;69
6.9;0.54;0.04;3.0;0.077;7.0;27.0;0.9987;3.69;0.91;9.4;6;268
8.8;0.7;0.0;1.7;0.069;8.0;19.0;0.99701;3.31;0.53;10.0;6;762
9.0;0.66;0.17;3.0;0.077;5.0;13.0;0.9976;3.29;0.55;10.4;5;725
7.5;0.58;0.03;4.1;0.08;27.0;46.0;0.99592;3.02;0.47;9.2;5;1226
7.6;0.43;0.29;2.1;0.075;19.0;66.0;0.99718;3.4;0.64;9.5;5;1232
8.3;0.78;0.1;2.6;0.081;45.0;87.0;0.9983;3.48;0.53;10.0;5;678
12.0;0.39;0.66;3.0;0.093;12.0;30.0;0.9996;3.18;0.63;10.8;7;407
7.0;0.42;0.19;2.3;0.071;18.0;36.0;0.99476;3.39;0.56;10.9;5;1284
6.0;0.51;0.0;2.1;0.064;40.0;54.0;0.995;3.54;0.93;10.7;6;1409
5.6;0.915;0.0;2.1;0.0409999999999999;17.0;78.0;0.99346;3.68;0.73;11.4;5;1178
8.6;0.47;0.3;3.0;0.076;30.0;135.0;0.9976;3.3;0.53;9.4;5;313
7.8;0.6;0.14;2.4;0.086;3.0;15.0;0.9975;3.42;0.6;10.8;6;36
8.0;0.52;0.25;2.0;0.078;19.0;59.0;0.99612;3.3;0.48;10.2;5;1393
6.1;0.705;0.1;2.8;0.081;13.0;28.0;0.99631;3.6;0.66;10.2;5;1531
11.3;0.37;0.41;2.3;0.088;6.0;16.0;0.9988;3.09;0.8;9.3;5;619
6.6;0.855;0.02;2.4;0.062;15.0;23.0;0.99627;3.54;0.6;11.0;6;1557
10.5;0.51;0.64;2.4;0.107;6.0;15.0;0.9973;3.09;0.66;11.8;7;513
9.3;0.61;0.26;3.4;0.09;25.0;87.0;0.99975;3.24;0.62;9.7;5;321
8.6;0.38;0.36;3.0;0.081;30.0;119.0;0.997;3.2;0.56;9.4;5;53
8.9;0.12;0.45;1.8;0.075;10.0;21.0;0.99552;3.41;0.76;11.9;7;949
10.2;0.29;0.65;2.4;0.075;6.0;17.0;0.99565;3.22;0.63;11.8;6;1063
6.7;0.32;0.44;2.4;0.061;24.0;34.0;0.99484;3.29;0.8;11.6;7;1584
9.1;0.22;0.24;2.1;0.078;1.0;28.0;0.999;3.41;0.87;10.3;6;530
7.2;0.52;0.07;1.4;0.074;5.0;20.0;0.9973;3.32;0.81;9.6;6;660
7.3;0.69;0.32;2.2;0.069;35.0;104.0;0.99632;3.33;0.51;9.5;5;1572
7.0;0.4;0.32;3.6;0.061;9.0;29.0;0.99416;3.28;0.49;11.3;7;978
4.6;0.52;0.15;2.1;0.054;8.0;65.0;0.9934;3.9;0.56;13.1;4;45
8.5;0.37;0.32;1.8;0.066;26.0;51.0;0.99456;3.38;0.72;11.8;6;1264
6.7;0.86;0.07;2.0;0.1;20.0;57.0;0.99598;3.6;0.74;11.7;6;1301
7.9;0.545;0.06;4.0;0.087;27.0;61.0;0.9965;3.36;0.67;10.7;6;275
9.9;0.5;0.5;13.8;0.205;48.0;82.0;100.242;3.16;0.75;8.8;5;1476
6.8;0.68;0.21;2.1;0.07;9.0;23.0;0.99546;3.38;0.6;10.3;5;1486
7.0;0.78;0.08;2.0;0.093;10.0;19.0;0.9956;3.4;0.47;10.0;5;706
9.2;0.46;0.23;2.6;0.091;18.0;77.0;0.99922;3.15;0.51;9.4;5;1225
6.0;0.58;0.2;2.4;0.075;15.0;50.0;0.99467;3.58;0.67;12.5;6;1573
8.4;0.29;0.4;1.7;0.067;8.0;20.0;0.99603;3.39;0.6;10.5;5;1458
7.2;0.48;0.07;5.5;0.089;10.0;18.0;0.99684;3.37;0.68;11.2;7;1133
8.4;0.52;0.22;2.7;0.084;4.0;18.0;0.99682;3.26;0.57;9.9;6;804
7.7;0.43;0.25;2.6;0.073;29.0;63.0;0.99615;3.37;0.58;10.5;6;225
8.5;0.47;0.27;1.9;0.0579999999999999;18.0;38.0;0.99518;3.16;0.85;11.1;6;964
7.5;0.38;0.57;2.3;0.106;5.0;12.0;0.99605;3.36;0.55;11.4;6;1507
5.2;0.48;0.04;1.6;0.054;19.0;106.0;0.9927;3.54;0.62;12.2;7;230
5.1;0.51;0.18;2.1;0.042;16.0;101.0;0.9924;3.46;0.87;12.9;7;1157
9.1;0.29;0.33;2.05;0.063;13.0;27.0;0.99516;3.26;0.84;11.7;7;1006
7.8;0.32;0.44;2.7;0.104;8.0;17.0;0.99732;3.33;0.78;11.0;7;1451
7.0;0.49;0.49;5.6;0.06;26.0;121.0;0.9974;3.34;0.76;10.5;5;215
9.0;0.58;0.25;2.0;0.104;8.0;21.0;0.99769;3.27;0.72;9.6;5;1227
7.5;0.59;0.22;1.8;0.0819999999999999;43.0;60.0;0.99499;3.1;0.42;9.2;5;1256
7.1;0.62;0.06;1.3;0.07;5.0;12.0;0.9942;3.17;0.48;9.8;5;1392
7.6;0.95;0.03;2.0;0.09;7.0;20.0;0.9959;3.2;0.56;9.6;5;160
7.4;0.36;0.29;2.6;0.087;26.0;72.0;0.99645;3.39;0.68;11.0;5;314
7.8;0.55;0.0;1.7;0.07;7.0;17.0;0.99659;3.26;0.64;9.4;6;1236
9.9;0.74;0.19;5.8;0.111;33.0;76.0;0.99878;3.14;0.55;9.4;5;1203
9.2;0.52;1.0;3.4;0.61;32.0;69.0;0.9996;2.74;2.0;9.4;4;151
6.6;0.39;0.49;1.7;0.07;23.0;149.0;0.9922;3.12;0.5;11.5;6;591
5.0;0.42;0.24;2.0;0.06;19.0;50.0;0.9917;3.72;0.74;14.0;8;588
6.0;0.5;0.0;1.4;0.057;15.0;26.0;0.99448;3.36;0.45;9.5;5;1338
12.6;0.41;0.54;2.8;0.103;19.0;41.0;0.99939;3.21;0.76;11.3;6;814
6.0;0.49;0.0;2.3;0.068;15.0;33.0;0.99292;3.58;0.59;12.5;6;1390
8.2;0.31;0.4;2.2;0.0579999999999999;6.0;10.0;0.99536;3.31;0.68;11.2;7;952
6.8;0.63;0.07;2.1;0.089;11.0;44.0;0.9953;3.47;0.55;10.4;6;168
6.7;0.75;0.12;2.0;0.086;12.0;80.0;0.9958;3.38;0.52;10.1;5;78
7.8;0.735;0.08;2.4;0.092;10.0;41.0;0.9974;3.24;0.71;9.8;6;214
7.6;0.29;0.49;2.7;0.092;25.0;60.0;0.9971;3.31;0.61;10.1;6;563
6.1;0.715;0.1;2.6;0.053;13.0;27.0;0.99362;3.57;0.5;11.9;5;1582
11.6;0.42;0.53;3.3;0.105;33.0;98.0;1.001;3.2;0.95;9.2;5;289
7.1;0.69;0.04;2.1;0.068;19.0;27.0;0.99712;3.44;0.67;9.8;5;1511
8.7;0.33;0.38;3.3;0.063;10.0;19.0;0.99468;3.3;0.73;12.0;7;929
7.3;0.98;0.05;2.1;0.061;20.0;49.0;0.99705;3.31;0.55;9.7;3;1469
7.4;0.64;0.17;5.4;0.168;52.0;98.0;0.99736;3.28;0.5;9.5;5;1358
7.8;0.58;0.02;2.0;0.073;9.0;18.0;0.9968;3.36;0.57;9.5;7;8
7.9;0.18;0.4;2.2;0.049;38.0;67.0;0.996;3.33;0.93;11.3;5;1429
6.6;0.5;0.04;2.1;0.068;6.0;14.0;0.9955;3.39;0.64;9.4;6;52
9.6;0.88;0.28;2.4;0.086;30.0;147.0;0.9979;3.24;0.53;9.4;5;636
9.6;0.41;0.37;2.3;0.091;10.0;23.0;0.99786;3.24;0.56;10.5;5;920
11.9;0.43;0.66;3.1;0.109;10.0;23.0;1.0;3.15;0.85;10.4;7;358
7.8;0.55;0.35;2.2;0.074;21.0;66.0;0.9974;3.25;0.56;9.2;5;431
7.2;0.835;0.0;2.0;0.166;4.0;11.0;0.99608;3.39;0.52;10.0;5;1334
10.1;0.27;0.54;2.3;0.065;7.0;26.0;0.99531;3.17;0.53;12.5;6;794
8.8;0.61;0.19;4.0;0.094;30.0;69.0;0.99787;3.22;0.5;10.0;6;884
7.5;0.58;0.2;2.0;0.073;34.0;44.0;0.99494;3.1;0.43;9.3;5;1273
11.3;0.37;0.5;1.8;0.09;20.0;47.0;0.99734;3.15;0.57;10.5;5;1285
8.0;0.715;0.22;2.3;0.075;13.0;81.0;0.99688;3.24;0.54;9.5;6;1275
9.4;0.27;0.53;2.4;0.074;6.0;18.0;0.9962;3.2;1.13;12.0;7;369
9.3;0.36;0.39;1.5;0.08;41.0;55.0;0.99652;3.47;0.73;10.9;6;856
6.6;0.84;0.03;2.3;0.059;32.0;48.0;0.9952;3.52;0.56;12.3;7;425
10.6;0.31;0.49;2.2;0.063;18.0;40.0;0.9976;3.14;0.51;9.8;6;579
8.2;0.57;0.26;2.2;0.06;28.0;65.0;0.9959;3.3;0.43;10.1;5;213
6.7;0.16;0.64;2.1;0.059;24.0;52.0;0.99494;3.34;0.71;11.2;6;1566
7.4;0.49;0.27;2.1;0.071;14.0;25.0;0.99388;3.35;0.63;12.0;6;1103
7.2;0.54;0.27;2.6;0.084;12.0;78.0;0.9964;3.39;0.71;11.0;5;906
6.2;0.46;0.29;2.1;0.074;32.0;98.0;0.99578;3.33;0.62;9.8;5;1583
6.8;0.81;0.05;2.0;0.07;6.0;14.0;0.99562;3.51;0.66;10.8;6;1506
7.1;0.59;0.02;2.3;0.0819999999999999;24.0;94.0;0.99744;3.55;0.53;9.7;6;768
8.2;0.24;0.34;5.1;0.062;8.0;22.0;0.9974;3.22;0.94;10.9;6;1406
8.1;0.38;0.48;1.8;0.157;5.0;17.0;0.9976;3.3;1.05;9.4;5;689
8.3;0.6;0.25;2.2;0.118;9.0;38.0;0.99616;3.15;0.53;9.8;5;1155
7.7;1.005;0.15;2.1;0.102;11.0;32.0;0.99604;3.23;0.48;10.0;5;1012
7.2;0.37;0.32;2.0;0.062;15.0;28.0;0.9947;3.23;0.73;11.3;7;1450
7.8;0.44;0.28;2.7;0.1;18.0;95.0;0.9966;3.22;0.67;9.4;5;208
12.8;0.3;0.74;2.6;0.095;9.0;28.0;0.9994;3.2;0.77;10.8;7;206
7.0;0.6;0.3;4.5;0.068;20.0;110.0;0.99914;3.3;1.17;10.2;5;1289
9.2;0.41;0.5;2.5;0.055;12.0;25.0;0.9952;3.34;0.79;13.3;7;491
6.7;0.46;0.24;1.7;0.077;18.0;34.0;0.9948;3.39;0.6;10.6;6;1326
7.8;0.82;0.29;4.3;0.083;21.0;64.0;0.99642;3.16;0.53;9.4;5;1501
7.4;0.61;0.01;2.0;0.074;13.0;38.0;0.99748;3.48;0.65;9.8;5;931
7.9;0.34;0.42;2.0;0.086;8.0;19.0;0.99546;3.35;0.6;11.4;6;1091
6.5;0.39;0.23;8.3;0.051;28.0;91.0;0.9952;3.44;0.55;12.1;6;494
9.4;0.33;0.59;2.8;0.079;9.0;30.0;0.9976;3.12;0.54;12.0;6;653
9.2;0.43;0.52;2.3;0.083;14.0;23.0;0.9976;3.35;0.61;11.3;6;460
8.0;0.52;0.03;1.7;0.07;10.0;35.0;0.99575;3.34;0.57;10.0;5;262
6.9;0.5;0.04;1.5;0.085;19.0;49.0;0.9958;3.35;0.78;9.5;5;175
5.3;0.47;0.11;2.2;0.048;16.0;89.0;0.99182;3.54;0.88;13.566.666.666.666.600;7;1475
9.3;0.36;0.39;1.5;0.08;41.0;55.0;0.99652;3.47;0.73;10.9;6;853
9.6;0.32;0.47;1.4;0.0559999999999999;9.0;24.0;0.99695;3.22;0.82;10.3;7;200
7.7;0.61;0.18;2.4;0.083;6.0;20.0;0.9963;3.29;0.6;10.2;6;1065
6.7;0.67;0.02;1.9;0.061;26.0;42.0;0.99489;3.39;0.82;10.9;6;1565
8.0;0.715;0.22;2.3;0.075;13.0;81.0;0.99688;3.24;0.54;9.5;6;1278
10.3;0.32;0.45;6.4;0.073;5.0;13.0;0.9976;3.23;0.82;12.6;8;278
9.3;0.36;0.39;1.5;0.08;41.0;55.0;0.99652;3.47;0.73;10.9;6;854
7.5;0.58;0.14;2.2;0.077;27.0;60.0;0.9963;3.28;0.59;9.8;5;1251
6.8;0.66;0.07;1.6;0.07;16.0;61.0;0.99572;3.29;0.6;9.3;5;1183
12.2;0.48;0.54;2.6;0.085;19.0;64.0;1.0;3.1;0.61;10.5;6;402
6.8;0.77;0.0;1.8;0.066;34.0;52.0;0.9976;3.62;0.68;9.9;5;419
7.9;0.2;0.35;1.7;0.054;7.0;15.0;0.99458;3.32;0.8;11.9;7;1459
13.0;0.47;0.49;4.3;0.085;6.0;47.0;10.021;3.3;0.68;12.7;6;559
7.4;0.62;0.05;1.9;0.068;24.0;42.0;0.9961;3.42;0.57;11.5;6;173
10.0;0.31;0.47;2.6;0.085;14.0;33.0;0.99965;3.36;0.8;10.5;7;259
9.9;0.59;0.07;3.4;0.102;32.0;71.0;100.015;3.31;0.71;9.8;5;284
8.3;0.54;0.24;3.4;0.076;16.0;112.0;0.9976;3.27;0.61;9.4;5;620
9.8;0.39;0.43;1.65;0.068;5.0;11.0;0.99478;3.19;0.46;11.4;5;1181
9.1;0.795;0.0;2.6;0.096;11.0;26.0;0.9994;3.35;0.83;9.4;6;351
12.3;0.5;0.49;2.2;0.089;5.0;14.0;10.002;3.19;0.44;9.6;5;580
8.0;0.6;0.22;2.1;0.08;25.0;105.0;0.99613;3.3;0.49;9.9;5;1383
11.6;0.475;0.4;1.4;0.091;6.0;28.0;0.99704;3.07;0.65;100.333.333.333.333;6;1362
6.6;0.7;0.08;2.6;0.106;14.0;27.0;0.99665;3.44;0.58;10.2;5;1519
6.6;0.64;0.31;6.1;0.083;7.0;49.0;0.99718;3.35;0.68;10.3;5;1388
6.8;0.785;0.0;2.4;0.104;14.0;30.0;0.9966;3.52;0.55;10.7;6;77
8.9;0.61;0.49;2.0;0.27;23.0;110.0;0.9972;3.12;1.02;9.3;5;181
7.4;0.635;0.1;2.4;0.08;16.0;33.0;0.99736;3.58;0.69;10.8;7;901
9.0;0.54;0.49;2.9;0.094;41.0;110.0;0.9982;3.08;0.61;9.2;5;562
8.7;0.675;0.1;1.6;0.09;4.0;11.0;0.99745;3.31;0.65;9.55;5;1396
7.2;0.695;0.13;2.0;0.076;12.0;20.0;0.99546;3.29;0.54;10.1;5;1562
7.1;0.43;0.17;1.8;0.0819999999999999;27.0;51.0;0.99634;3.49;0.64;10.4;5;1047
9.9;0.72;0.55;1.7;0.136;24.0;52.0;0.99752;3.35;0.94;10.0;5;1207
6.7;0.48;0.08;2.1;0.064;18.0;34.0;0.99552;3.33;0.64;9.7;5;1525
8.4;0.65;0.6;2.1;0.1119999999999999;12.0;90.0;0.9973;3.2;0.52;9.2;5;304
6.1;0.56;0.0;2.2;0.079;6.0;9.0;0.9948;3.59;0.54;11.5;6;907
7.8;0.88;0.0;2.6;0.098;25.0;67.0;0.9968;3.2;0.68;9.8;5;1
7.5;0.51;0.02;1.7;0.084;13.0;31.0;0.99538;3.36;0.54;10.5;6;1340
7.9;0.18;0.4;1.8;0.062;7.0;20.0;0.9941;3.28;0.7;11.1;5;1509
7.8;0.56;0.19;1.8;0.104;12.0;47.0;0.9964;3.19;0.93;9.5;5;114
8.9;0.75;0.14;2.5;0.086;9.0;30.0;0.99824;3.34;0.64;10.5;5;885
6.8;0.59;0.1;1.7;0.063;34.0;53.0;0.9958;3.41;0.67;9.7;5;1464
6.1;0.34;0.25;1.8;0.084;4.0;28.0;0.99464;3.36;0.44;10.1;5;1356
9.3;0.715;0.24;2.1;0.07;5.0;20.0;0.9966;3.12;0.59;9.9;5;542
8.0;0.3;0.63;1.6;0.081;16.0;29.0;0.99588;3.3;0.78;10.8;6;1576
7.3;0.4;0.3;1.7;0.08;33.0;79.0;0.9969;3.41;0.65;9.5;6;1140
7.6;0.46;0.11;2.6;0.079;12.0;49.0;0.9968;3.21;0.57;10.0;5;717
11.4;0.625;0.66;6.2;0.088;6.0;24.0;0.9988;3.11;0.99;13.3;6;378
6.8;0.67;0.0;1.9;0.08;22.0;39.0;0.99701;3.4;0.74;9.7;5;1447
6.8;0.69;0.0;5.6;0.124;21.0;58.0;0.9997;3.46;0.72;10.2;5;625
11.8;0.38;0.55;2.1;0.071;5.0;19.0;0.9986;3.11;0.62;10.8;6;699
7.6;0.36;0.31;1.7;0.079;26.0;65.0;0.99716;3.46;0.62;9.5;6;1173
7.6;0.68;0.02;1.3;0.072;9.0;20.0;0.9965;3.17;1.08;9.2;4;161
9.1;0.5;0.3;1.9;0.065;8.0;17.0;0.99774;3.32;0.71;10.5;6;983
11.6;0.53;0.66;3.65;0.121;6.0;14.0;0.9978;3.05;0.74;11.5;7;326
7.2;0.57;0.06;1.6;0.076;9.0;27.0;0.9972;3.36;0.7;9.6;6;662
9.3;0.43;0.44;1.9;0.085;9.0;22.0;0.99708;3.28;0.55;9.5;5;851
8.3;0.28;0.48;2.1;0.093;6.0;12.0;0.99408;3.26;0.62;12.4;7;951
9.9;0.63;0.24;2.4;0.077;6.0;33.0;0.9974;3.09;0.57;9.4;5;529
7.6;0.5;0.29;2.3;0.086;5.0;14.0;0.99502;3.32;0.62;11.5;6;1169
6.2;0.46;0.17;1.6;0.073;7.0;11.0;0.99425;3.61;0.54;11.4;5;939
7.3;0.48;0.32;2.1;0.062;31.0;54.0;0.99728;3.3;0.65;10.0;7;1468
10.3;0.44;0.5;4.5;0.107;5.0;13.0;0.998;3.28;0.83;11.5;5;327
9.6;0.42;0.35;2.1;0.083;17.0;38.0;0.99622;3.23;0.66;11.1;6;1153
7.3;0.59;0.26;2.0;0.08;17.0;104.0;0.99584;3.28;0.52;9.9;5;1397
6.4;0.57;0.12;2.3;0.12;25.0;36.0;0.99519;3.47;0.71;11.3;7;958
11.9;0.39;0.69;2.8;0.095;17.0;35.0;0.9994;3.1;0.61;10.8;6;450
6.8;0.41;0.31;8.8;0.084;26.0;45.0;0.99824;3.38;0.64;10.1;6;917
10.2;0.24;0.49;2.4;0.075;10.0;28.0;0.9978;3.14;0.61;10.4;5;572
6.4;0.36;0.21;2.2;0.047;26.0;48.0;0.99661;3.47;0.77;9.7;6;1510
8.9;0.32;0.31;2.0;0.088;12.0;19.0;0.9957;3.17;0.55;10.4;6;1011
10.2;0.49;0.63;2.9;0.072;10.0;26.0;0.9968;3.16;0.78;12.5;7;505
12.5;0.46;0.63;2.0;0.071;6.0;15.0;0.9988;2.99;0.87;10.2;5;363
9.9;0.53;0.57;2.4;0.093;30.0;52.0;0.9971;3.19;0.76;11.6;7;1058
8.0;0.77;0.32;2.1;0.079;16.0;74.0;0.99656;3.27;0.5;9.8;6;1368
10.7;0.9;0.34;6.6;0.1119999999999999;23.0;99.0;100.289;3.22;0.68;9.3;5;889
7.1;0.59;0.01;2.3;0.08;27.0;43.0;0.9955;3.42;0.58;10.7;6;895
8.1;0.29;0.36;2.2;0.048;35.0;53.0;0.995;3.27;1.01;12.4;7;1408
9.8;0.44;0.47;2.5;0.063;9.0;28.0;0.9981;3.24;0.65;10.8;6;406
11.9;0.38;0.49;2.7;0.098;12.0;42.0;10.004;3.16;0.61;10.3;5;532
9.2;0.59;0.24;3.3;0.1009999999999999;20.0;47.0;0.9988;3.26;0.67;9.6;5;540
9.0;0.46;0.31;2.8;0.093;19.0;98.0;0.99815;3.32;0.63;9.5;6;312
7.8;0.6;0.26;2.0;0.08;31.0;131.0;0.99622;3.21;0.52;9.9;5;1561
7.9;0.29;0.49;2.2;0.096;21.0;59.0;0.99714;3.31;0.67;10.1;6;1528
9.4;0.59;0.14;2.0;0.084;25.0;48.0;0.9981;3.14;0.56;9.7;5;665
8.7;0.69;0.31;3.0;0.086;23.0;81.0;10.002;3.48;0.74;11.6;6;493
7.8;0.545;0.12;2.5;0.068;11.0;35.0;0.996;3.34;0.61;11.6;6;708
6.8;0.59;0.06;6.0;0.06;11.0;18.0;0.9962;3.41;0.59;10.8;7;904
5.8;0.61;0.11;1.8;0.066;18.0;28.0;0.99483;3.55;0.66;10.9;6;1587
6.9;0.63;0.33;6.7;0.235;66.0;115.0;0.99787;3.22;0.56;9.5;5;1558
10.0;0.43;0.33;2.7;0.095;28.0;89.0;0.9984;3.22;0.68;10.0;5;1128
10.6;0.28;0.39;15.5;0.069;6.0;23.0;10.026;3.12;0.66;9.2;5;480
7.9;0.4;0.29;1.8;0.157;1.0;44.0;0.9973;3.3;0.92;9.5;6;773
8.8;0.31;0.4;2.8;0.109;7.0;16.0;0.99614;3.31;0.79;11.8;7;875
8.1;0.38;0.28;2.1;0.066;13.0;30.0;0.9968;3.23;0.73;9.7;7;37
7.5;0.4;0.18;1.6;0.079;24.0;58.0;0.9965;3.34;0.58;9.4;5;1421
10.0;0.46;0.44;2.9;0.065;4.0;8.0;0.99674;3.33;0.62;12.2;6;912
7.5;0.51;0.02;1.7;0.084;13.0;31.0;0.99538;3.36;0.54;10.5;6;1339
8.7;0.46;0.31;2.5;0.126;24.0;64.0;0.99746;3.1;0.74;9.6;5;796
7.2;1.0;0.0;3.0;0.102;7.0;16.0;0.99586;3.43;0.46;10.0;5;775
8.5;0.66;0.2;2.1;0.0969999999999999;23.0;113.0;0.99733;3.13;0.48;9.2;5;967
5.1;0.585;0.0;1.7;0.044;14.0;86.0;0.99264;3.56;0.94;12.9;7;802
8.8;0.24;0.35;1.7;0.055;13.0;27.0;0.99394;3.14;0.59;11.3;7;1125
7.3;0.695;0.0;2.5;0.075;3.0;13.0;0.998;3.49;0.52;9.2;5;122
10.9;0.39;0.47;1.8;0.118;6.0;14.0;0.9982;3.3;0.75;9.8;6;343
7.1;0.34;0.28;2.0;0.0819999999999999;31.0;68.0;0.99694;3.45;0.48;9.4;5;993
6.7;0.64;0.23;2.1;0.08;11.0;119.0;0.99538;3.36;0.7;10.9;5;1188
8.6;0.645;0.25;2.0;0.083;8.0;28.0;0.99815;3.28;0.6;10.0;6;223
7.7;0.56;0.2;2.0;0.075;9.0;39.0;0.9987;3.48;0.62;9.3;5;734
6.6;0.52;0.04;2.2;0.069;8.0;15.0;0.9956;3.4;0.63;9.4;6;51
6.3;0.98;0.01;2.0;0.057;15.0;33.0;0.99488;3.6;0.46;11.2;6;756
15.0;0.21;0.44;2.2;0.075;10.0;24.0;100.005;3.07;0.84;9.2;7;243
8.6;0.22;0.36;1.9;0.064;53.0;77.0;0.99604;3.47;0.87;11.0;7;925
8.0;0.38;0.44;1.9;0.098;6.0;15.0;0.9956;3.3;0.64;11.4;6;1062
5.6;0.62;0.03;1.5;0.08;6.0;13.0;0.99498;3.66;0.62;10.1;4;1480
8.1;0.78;0.23;2.6;0.059;5.0;15.0;0.997;3.37;0.56;11.3;5;683
8.4;0.745;0.11;1.9;0.09;16.0;63.0;0.9965;3.19;0.82;9.6;5;140
7.6;0.43;0.31;2.1;0.069;13.0;74.0;0.9958;3.26;0.54;9.9;6;1431
9.9;0.35;0.41;2.3;0.083;11.0;61.0;0.9982;3.21;0.5;9.5;5;785
8.9;0.48;0.53;4.0;0.1009999999999999;3.0;10.0;0.99586;3.21;0.59;12.1;7;1056
10.9;0.32;0.52;1.8;0.132;17.0;44.0;0.99734;3.28;0.77;11.5;6;1221
6.3;1.02;0.0;2.0;0.083;17.0;24.0;0.99437;3.59;0.55;11.2;4;1261
8.7;0.52;0.09;2.5;0.091;20.0;49.0;0.9976;3.34;0.86;10.6;7;288
12.4;0.35;0.49;2.6;0.079;27.0;69.0;0.9994;3.12;0.75;10.4;6;548
6.3;0.47;0.0;1.4;0.055;27.0;33.0;0.9922;3.45;0.48;12.3;6;1122
7.7;0.18;0.34;2.7;0.066;15.0;58.0;0.9947;3.37;0.78;11.8;6;1230
15.5;0.645;0.49;4.2;0.095;10.0;23.0;100.315;2.92;0.74;11.1;5;554
7.9;0.19;0.42;1.6;0.057;18.0;30.0;0.994;3.29;0.69;11.2;6;1087
7.6;0.35;0.6;2.6;0.073;23.0;44.0;0.99656;3.38;0.79;11.1;6;1472
7.4;0.785;0.19;5.2;0.094;19.0;98.0;0.99713;3.16;0.52;9.6;6;1445
7.4;0.52;0.13;2.4;0.078;34.0;61.0;0.99528;3.43;0.59;10.8;6;908
11.7;0.28;0.47;1.7;0.054;17.0;32.0;0.99686;3.15;0.67;10.6;7;858
7.2;0.62;0.01;2.3;0.065;8.0;46.0;0.99332;3.32;0.51;11.8;6;1351
8.1;0.82;0.0;4.1;0.095;5.0;14.0;0.99854;3.36;0.53;9.6;5;1032
10.4;0.26;0.48;1.9;0.066;6.0;10.0;0.99724;3.33;0.87;10.9;6;971
5.2;0.34;0.0;1.8;0.05;27.0;63.0;0.9916;3.68;0.79;14.0;6;144
7.5;0.41;0.15;3.7;0.104;29.0;94.0;0.99786;3.14;0.58;9.1;5;1138
8.7;0.7;0.24;2.5;0.226;5.0;15.0;0.9991;3.32;0.6;9.0;6;567
8.4;1.035;0.15;6.0;0.073;11.0;54.0;0.999;3.37;0.49;9.9;5;705
7.0;0.62;0.1;1.4;0.071;27.0;63.0;0.996;3.28;0.61;9.2;5;1309
8.0;0.48;0.34;2.2;0.073;16.0;25.0;0.9936;3.28;0.66;12.4;6;1104
7.7;0.27;0.68;3.5;0.358;5.0;10.0;0.9972;3.25;1.08;9.9;7;281
7.4;0.39;0.48;2.0;0.0819999999999999;14.0;67.0;0.9972;3.34;0.55;9.2;5;186
9.9;0.5;0.5;13.8;0.205;48.0;82.0;100.242;3.16;0.75;8.8;5;1474
7.8;0.59;0.18;2.3;0.076;17.0;54.0;0.9975;3.43;0.59;10.0;5;58
7.8;0.64;0.0;1.9;0.072;27.0;55.0;0.9962;3.31;0.63;11.0;5;1428
10.0;0.49;0.2;11.0;0.071;13.0;50.0;10.015;3.16;0.69;9.2;6;324
10.0;0.48;0.24;2.7;0.102;13.0;32.0;1.0;3.28;0.56;10.0;6;534
8.8;0.52;0.34;2.7;0.087;24.0;122.0;0.9982;3.26;0.61;9.5;5;414
7.3;0.73;0.24;1.9;0.108;18.0;102.0;0.9967;3.26;0.59;9.3;5;587
10.6;0.31;0.49;2.5;0.067;6.0;21.0;0.9987;3.26;0.86;10.7;6;547
7.5;0.27;0.34;2.3;0.05;4.0;8.0;0.9951;3.4;0.64;11.0;7;826
5.3;0.715;0.19;1.5;0.161;7.0;62.0;0.99395;3.62;0.61;11.0;5;916
9.5;0.55;0.66;2.3;0.387;12.0;37.0;0.9982;3.17;0.67;9.6;5;730
8.6;0.49;0.28;1.9;0.11;20.0;136.0;0.9972;2.93;1.95;9.9;6;91
7.6;0.39;0.31;2.3;0.0819999999999999;23.0;71.0;0.9982;3.52;0.65;9.7;5;21
7.1;0.22;0.49;1.8;0.039;8.0;18.0;0.99344;3.39;0.56;12.4;6;1490
9.0;0.47;0.31;2.7;0.084;24.0;125.0;0.9984;3.31;0.61;9.4;5;694
9.1;0.22;0.24;2.1;0.078;1.0;28.0;0.999;3.41;0.87;10.3;6;535
7.9;0.37;0.23;1.8;0.077;23.0;49.0;0.9963;3.28;0.67;9.3;5;263
8.7;0.42;0.45;2.4;0.072;32.0;59.0;0.99617;3.33;0.77;12.0;6;1083
7.5;0.53;0.06;2.6;0.086;20.0;44.0;0.9965;3.38;0.59;10.7;6;300
7.1;0.39;0.12;2.1;0.065;14.0;24.0;0.99252;3.3;0.53;13.3;6;1118
7.5;0.61;0.2;1.7;0.076;36.0;60.0;0.99494;3.1;0.4;9.3;5;1240
10.4;0.24;0.49;1.8;0.075;6.0;20.0;0.9977;3.18;1.06;11.0;6;477
8.2;0.32;0.42;2.3;0.098;3.0;9.0;0.99506;3.27;0.55;12.3;6;1023
7.7;0.96;0.2;2.0;0.047;15.0;60.0;0.9955;3.36;0.44;10.9;5;422
7.6;0.41;0.33;2.5;0.078;6.0;23.0;0.9957;3.3;0.58;11.2;5;1427
9.9;0.54;0.45;2.3;0.071;16.0;40.0;0.9991;3.39;0.62;9.4;5;640
10.0;0.35;0.47;2.0;0.061;6.0;11.0;0.99585;3.23;0.52;12.0;6;1149
7.7;0.51;0.28;2.1;0.087;23.0;54.0;0.998;3.42;0.74;9.2;5;384
7.6;0.3;0.42;2.0;0.052;6.0;24.0;0.9963;3.44;0.82;11.9;6;1402
8.9;0.4;0.32;5.6;0.087;10.0;47.0;0.9991;3.38;0.77;10.5;7;283
8.9;0.59;0.5;2.0;0.337;27.0;81.0;0.9964;3.04;1.61;9.5;6;226
8.7;0.41;0.41;6.2;0.078;25.0;42.0;0.9953;3.24;0.77;12.6;7;1038
12.7;0.6;0.49;2.8;0.075;5.0;19.0;0.9994;3.14;0.57;11.4;5;560
7.5;0.43;0.3;2.2;0.062;6.0;12.0;0.99495;3.44;0.72;11.5;7;1000
10.0;0.56;0.24;2.2;0.079;19.0;58.0;0.9991;3.18;0.56;10.1;6;788
6.1;0.4;0.16;1.8;0.069;11.0;25.0;0.9955;3.42;0.74;10.1;7;1433
7.0;0.59;0.0;1.7;0.052;3.0;8.0;0.996;3.41;0.47;10.3;5;1438
7.5;0.4;0.12;3.0;0.092;29.0;53.0;0.9967;3.37;0.7;10.3;6;287
8.8;0.66;0.26;1.7;0.074;4.0;23.0;0.9971;3.15;0.74;9.2;5;50
8.6;0.52;0.38;1.5;0.096;5.0;18.0;0.99666;3.2;0.52;9.4;5;1099
9.9;0.74;0.28;2.6;0.078;21.0;77.0;0.998;3.28;0.51;9.8;5;714
5.9;0.645;0.12;2.0;0.075;32.0;44.0;0.99547;3.57;0.71;10.2;5;1597
5.6;0.5;0.09;2.3;0.049;17.0;99.0;0.9937;3.63;0.63;13.0;5;131
6.9;0.41;0.31;2.0;0.079;21.0;51.0;0.99668;3.47;0.55;9.5;6;1268
10.0;0.56;0.24;2.2;0.079;19.0;58.0;0.9991;3.18;0.56;10.1;6;787
8.4;0.34;0.42;2.1;0.072;23.0;36.0;0.99392;3.11;0.78;12.4;6;1100
10.9;0.39;0.47;1.8;0.118;6.0;14.0;0.9982;3.3;0.75;9.8;6;342
7.9;0.32;0.51;1.8;0.341;17.0;56.0;0.9969;3.04;1.08;9.2;6;19
8.6;0.53;0.22;2.0;0.1;7.0;27.0;0.9967;3.2;0.56;10.2;6;448
6.6;0.66;0.0;3.0;0.115;21.0;31.0;0.99629;3.45;0.63;10.3;5;841
11.2;0.66;0.24;2.5;0.085;16.0;53.0;0.9993;3.06;0.72;11.0;6;543
7.2;0.63;0.0;1.9;0.0969999999999999;14.0;38.0;0.99675;3.37;0.58;9.0;6;235
9.1;0.4;0.57;4.6;0.08;6.0;20.0;0.99652;3.28;0.57;12.5;6;1190
7.1;0.71;0.0;1.9;0.08;14.0;35.0;0.9972;3.47;0.55;9.4;5;28
8.6;0.315;0.4;2.2;0.079;3.0;6.0;0.99512;3.27;0.67;11.9;6;915
6.5;0.61;0.0;2.2;0.095;48.0;59.0;0.99541;3.61;0.7;11.5;6;1175
7.1;0.59;0.01;2.5;0.077;20.0;85.0;0.99746;3.55;0.59;9.8;5;784
7.8;0.6;0.26;2.0;0.08;31.0;131.0;0.99622;3.21;0.52;9.9;5;1560
8.4;0.59;0.29;2.6;0.109;31.0;119.0;0.99801;3.15;0.5;9.1;5;977
8.2;0.44;0.24;2.3;0.063;10.0;28.0;0.99613;3.25;0.53;10.2;6;1345
8.1;0.87;0.0;3.3;0.096;26.0;61.0;100.025;3.6;0.72;9.8;4;266
8.7;0.78;0.51;1.7;0.415;12.0;66.0;0.99623;3.0;1.17;9.2;5;1372
7.7;0.6;0.06;2.0;0.079;19.0;41.0;0.99697;3.39;0.62;10.1;6;995
8.4;0.56;0.04;2.0;0.0819999999999999;10.0;22.0;0.9976;3.22;0.44;9.6;5;718
6.9;0.84;0.21;4.1;0.074;16.0;65.0;0.99842;3.53;0.72;9.25;6;1515
11.3;0.34;0.45;2.0;0.0819999999999999;6.0;15.0;0.9988;2.94;0.66;9.2;6;667
6.2;0.39;0.43;2.0;0.071;14.0;24.0;0.99428;3.45;0.87;11.2;7;1209
9.1;0.4;0.5;1.8;0.071;7.0;16.0;0.99462;3.21;0.69;12.5;8;1061
10.5;0.42;0.66;2.95;0.1159999999999999;12.0;29.0;0.997;3.24;0.75;11.7;7;357
7.8;0.645;0.0;2.0;0.0819999999999999;8.0;16.0;0.9964;3.38;0.59;9.8;6;29
8.7;0.48;0.3;2.8;0.066;10.0;28.0;0.9964;3.33;0.67;11.2;7;648
11.5;0.59;0.59;2.6;0.087;13.0;49.0;0.9988;3.18;0.65;11.0;6;397
7.5;0.51;0.02;1.7;0.084;13.0;31.0;0.99538;3.36;0.54;10.5;6;1343
9.5;0.46;0.49;6.3;0.064;5.0;17.0;0.9988;3.21;0.73;11.0;6;541
8.2;0.51;0.24;2.0;0.079;16.0;86.0;0.99764;3.34;0.64;9.5;6;1139
10.2;0.645;0.36;1.8;0.053;5.0;14.0;0.9982;3.17;0.42;10.0;6;487
10.0;0.26;0.54;1.9;0.083;42.0;74.0;0.99451;2.98;0.63;11.8;8;1090
7.2;0.73;0.02;2.5;0.076;16.0;42.0;0.9972;3.44;0.52;9.3;5;182
7.8;0.815;0.01;2.6;0.074;48.0;90.0;0.99621;3.38;0.62;10.8;5;1231
6.4;0.38;0.14;2.2;0.038;15.0;25.0;0.99514;3.44;0.65;11.1;6;1571
8.2;1.33;0.0;1.7;0.081;3.0;12.0;0.9964;3.53;0.49;10.9;5;126
11.4;0.36;0.69;2.1;0.09;6.0;21.0;1.0;3.17;0.62;9.2;6;468
10.7;0.43;0.39;2.2;0.106;8.0;32.0;0.9986;2.89;0.5;9.6;5;656
8.0;0.42;0.17;2.0;0.073;6.0;18.0;0.9972;3.29;0.61;9.2;6;172
6.7;1.04;0.08;2.3;0.067;19.0;32.0;0.99648;3.52;0.57;11.0;4;1467
8.0;0.39;0.3;1.9;0.074;32.0;84.0;0.99717;3.39;0.61;9.0;5;1533
7.4;0.35;0.33;2.4;0.068;9.0;26.0;0.9947;3.36;0.6;11.9;6;1580
7.9;0.57;0.31;2.0;0.079;10.0;79.0;0.99677;3.29;0.69;9.5;6;1216
7.5;0.52;0.4;2.2;0.06;12.0;20.0;0.99474;3.26;0.64;11.8;6;1575
